"ITEM_CODE","ITEM_NAME","ITEM_TYPE","ITEM_ADDR","ITEM_PRICE","ITEM_DETAIL","ITEM_STYLE","ITEM_MADEFOR","ITEM_CLEANING"
STON06190110,Weatherproof Cotton Canvas_ghost Piece(Beige),outers,/ShoppingMall-WEB/images/outers/Weatherproof Cotton Canvas_ghost Piece(Beige)/,1157300,"WEATHERPROOF COTTON CANVAS_ GHOST PIECE: 카무플라주 컨셉으로부터 기인한 Ghost 라인 아이템은 완전히 한 가지 컬러로 완성됩니다. Stone Island 배지 또한 의상과 동일한 솔리드 컬러로 특수 제작됩니다. 섬유장이 가장 길고 우수한 최고급 면 섬유로 이루어진 고밀도 코튼 캔버스 소재의 셔츠 재킷. 조밀한 섬유 구조와 물에 젖었을 때 팽창하는 특성이 결합되어 별도의 코팅 또는 라미네이트 처리 없이도 어떠한 기상 조건에서도 완벽한 보호 기능을 제공합니다. 편안한 착용감과 탁월한 촉감을 선사하는 100% 천연 소재입니다. 방풍 기능, 통기성 및 뛰어난 내구성을 지닙니다.",셔츠 칼라. 웰트 포켓. 가슴 부분에 가로 지퍼 여밈 패치 포켓. 왼쪽 소매의 Stone Island Ghost 배지. 스냅버튼 여밈 커프스. 밑단의 밴드 디테일. 옆면의 스냅버튼 여밈 스트랩. 뒷면의 요크. 투웨이 지퍼 여밈.,"100% 면","세탁시 세탁표시를 반드시 확인하십시오.; 염소, 산소계 표백제 사용을 삼가하여 주십시오.; 건조시 기계 건조를 삼가하여 주십시오.; 이 제품은 원단 특성상 다림질을 할 경우에는 고온에서의 다림질과 스팀은 삼가하여 주세요.; 드라이클리닝 할 수 없습니다.; 건조시 옷걸이에 걸어서 그늘에 건조하십시오.; 단독 세탁 하십시오.; 뒤집어서 세탁하십시오.; 중성 세제를 사용하십시오.; 세탁 전에 탈부착식 부자재를 분리하십시오.; 천을 대고 다림질하십시오."
STON06190112,Stone Island Ghost Piece_Cuproraso With Primaloft-tc,outers,/ShoppingMall-WEB/images/outers/Stone Island Ghost Piece_Cuproraso With Primaloft-tc/,1426250,STONE ISLAND GHOST PIECE_CUPRO RASO WITH PRIMALOFT®-TC: 카무플라주 컨셉으로부터 기인한 Ghost 라인 아이템의 전체 디테일은 한 가지 컬러로만 구성됩니다. STONE ISLAND 배지 또한 의상과 동일한 솔리드 컬러로 특수 제작됩니다. 씨앗 부근의 짧은 필라멘트에서 기인한 면직물 산업의 부산물인 인공 섬유 큐프로 새틴으로 제작한 보머 재킷. 그 결과 견고하면서도 은은한 광택을 자아내는 원단이 탄생합니다. 안티드롭 제제를 첨가한 가먼트 다이 염색 공정으로 독특한 색감을 자아냅니다. 고온 가먼트 다이 염색 공정에도 본래의 볼륨감과 보온성을 그대로 유지하도록 STONE ISLAND의 기술로 특수 가공한 70% 재생 섬유가 포함된 단열 섬유를 혼합하여 만든 PrimaLoft®-TC 레이어로 패딩 처리한 의상.,"큐프로 새틴 소재의 보머 칼라. 허리 부분에 히든 스냅버튼 디테일의 플랩 여밈 핸드 포켓, 옆면에 히든 지퍼 여밈의 보조 포켓. 왼쪽 소매에 Stone Island Ghost 배지. 리브 조직으로 마감한 커프스와 밑단. 스냅버튼 여밈 플래킷에 숨겨진 투웨이 지퍼 여밈.","의류: 100% 큐프라(구리암모늄레이온), 골지: 99% 면 1% 폴리우레탄, 안감 : 100% 면","세탁시 세탁표시를 반드시 확인하십시오.; 염소, 산소계 표백제 사용을 삼가하여 주십시오.; 건조시 기계 건조를 삼가하여 주십시오.; 이 제품은 원단 특성상 다림질을 할 경우에는 고온에서의 다림질과 스팀은 삼가하여 주세요.; 드라이클리닝 할 수 없습니다.; 건조시 옷걸이에 걸어서 그늘에 건조하십시오.; 제품의 특성상 염료의 탈색이 있는 제품이오니 반드시 다른제품과 구분 후 뒤집어서 단독 세탁해 주십시오.; 중성 세제를 사용하십시오.; 세탁 전에 탈부착식 부자재를 분리하십시오.; 천을 대고 다림질하십시오."
STON06190113,Stretch Cotton Twill,outers,/ShoppingMall-WEB/images/outers/Stretch Cotton Twill/,2037500,"STRETCH COTTON TWILL: 한 면은 머서라이즈 가공한 스트레치 코튼 트윌, 다른 한 면은 Nylon Metal 소재로 구성된 리버시블 보머 재킷. 위사는 그레이 컬러, 경사는 블랙 컬러 나일론사로 이루어진 삼엽 구조가 특유의 메탈릭한 광택을 자아내는 Nylon Metal 원단은 Stone Island 연구팀이 탄생시킨 가장 활용도가 높은 소재 중 하나입니다. 봉제된 의상은 과불화탄소 PFC를 함유하지 않은 특수 안티드롭 물질을 첨가하여 정교한 이중 가먼트 다이 염색가공을 거쳐 완성됩니다. 가벼운 PrimaLoft® 충전재.","리브 조직의 네크라인과 커프스, 밑단. 스냅버튼 여밈. 스트레치 코튼 트윌 소재를 사용한 면에는 나일론 헤링본 테이프로 가장자리를 마감한 히든 스냅버튼 여밈의 세로 포켓. 솔기 부분의 히든 지퍼 여밈 핸드 포켓. 왼쪽 소매에 Stone Island 배지. 뒷면에 2024년 용의 해를 기념하는 Stone Island의 아트워크 자수 장식. Nylon Metal 소재를 사용한 면에는 형태가 잡힌 플랩이 달린 히든 스냅버튼 여밈의 세로 핸드 포켓. 왼쪽 소매에 Stone Island 배지를 달기 위한 버튼.","겉면: 100% 나일론, 내부: 97% 면 3% 폴리우레탄, 충전재: 100% 폴리에스터 - 장식 제외, 충전재: 100% 폴리에스터","세탁시 세탁표시를 반드시 확인하십시오.; 염소, 산소계 표백제 사용을 삼가하여 주십시오.; 건조시 기계 건조를 삼가하여 주십시오.; 이 제품은 원단 특성상 다림질을 할 경우에는 고온에서의 다림질과 스팀은 삼가하여 주세요.; 드라이클리닝 할 수 없습니다.; 건조시 옷걸이에 걸어서 그늘에 건조하십시오.; 제품의 특성상 염료의 탈색이 있는 제품이오니 반드시 다른제품과 구분 후 뒤집어서 단독 세탁해 주십시오.; 중성 세제를 사용하십시오.; 세탁 전에 탈부착식 부자재를 분리하십시오.; 천을 대고 다림질하십시오."
STON06190114,Quilted Nylon Stella Conprimaloft-tc,outers,/ShoppingMall-WEB/images/outers/Quilted Nylon Stella Conprimaloft-tc/,1206200,QUILTED NYLON STELLA WITH PRIMALOFT®-TC: 무광택 극세사로 직조한 나일론 캔버스 소재의 재킷. 레진 코팅하여 약간의 방수 및 방풍 기능을 제공합니다. 고온 가먼트 다이 염색 공정에도 본래의 볼륨감과 보온성을 그대로 유지하도록 STONE ISLAND의 기술로 특수 가공한 70% 재생 섬유가 포함된 단열 섬유를 혼합하여 만든 PrimaLoft®-TC 레이어로 퀼팅 처리하여 STONE ISLAND 별모양 모티프를 구현한 의상. 과불화탄소 PFC를 함유하지 않은 특수 물질을 첨가하여 안티드롭 기능을 지닙니다.,"나일론 오토만 소재로 완성한 칼라와 가슴 부분의 패치 포켓, 어깨 뒷부분. 가슴 부분에 세로 입구 디테일의 스냅버튼 여밈 패치 포켓. 웰트 포켓. 왼쪽 소매에 Stone Island 배지. 나일론 테이프로 커버한 진동둘레 및 소매 부분의 솔기. 스냅버튼으로 조절 가능한 커프스. 뒷면에 두 아일렛 디테일의 작은 나일론 탭. 스냅버튼 여밈.","겉면: 100% 나일론, 내부: 97% 면 3% 폴리우레탄, 충전재: 100% 폴리에스터 - 장식 제외, 충전재: 100% 폴리에스터","세탁시 세탁표시를 반드시 확인하십시오.; 염소, 산소계 표백제 사용을 삼가하여 주십시오.; 건조시 기계 건조를 삼가하여 주십시오.; 이 제품은 원단 특성상 다림질을 할 경우에는 고온에서의 다림질과 스팀은 삼가하여 주세요.; 드라이클리닝 할 수 없습니다.; 건조시 옷걸이에 걸어서 그늘에 건조하십시오.; 제품의 특성상 염료의 탈색이 있는 제품이오니 반드시 다른제품과 구분 후 뒤집어서 단독 세탁해 주십시오.; 중성 세제를 사용하십시오.; 세탁 전에 탈부착식 부자재를 분리하십시오.; 천을 대고 다림질하십시오."
STON06190115,Lino Nylon Tela-tc,outers,/ShoppingMall-WEB/images/outers/Lino Nylon Tela-tc/,1255100,"LINO NYLON TELA-TC: 리넨과 나일론 원사를 정교하게 혼방한 원단인 Lino Nylon Tela-TC 소재의 셔츠/필드 재킷. 리넨 특유의 순수함과 우아함은 나일론이 지닌 가벼움 및 기술성과 결합되어 내마모성이 뛰어난 기능적인 원사로 탄생합니다. 완성된 의상은 나일론 단독 또는 코튼-나일론 섬유를 위한 정교한 가먼트 다이 염색 공정을 거치며 나일론 단독 염색의 경우, 직물의 리넨 성분으로 인해 의상이 파스텔 색조를 띄게 됩니다. 과불화탄소 PFC를 함유하지 않은 특수 물질을 첨가하여 안티드롭 기능을 지닙니다.
GARMENT DYED
","가슴에 외부 및 내부 패치 포켓, 나일론 테이프 패치와 겹치는 상단 부분. 나일론 테이프 패치 위 스냅버튼 및 플랩 여밈의 벨로즈 패치 포켓 두 개. 왼쪽 소매에 Stone Island 배지. 스냅버튼 여밈 커프스. 버튼 여밈.","80% 마 20% 나일론","세탁시 세탁표시를 반드시 확인하십시오.; 염소, 산소계 표백제 사용을 삼가하여 주십시오.; 건조시 기계 건조를 삼가하여 주십시오.; 이 제품은 원단 특성상 다림질을 할 경우에는 고온에서의 다림질과 스팀은 삼가하여 주세요.; 드라이클리닝 할 수 없습니다.; 건조시 옷걸이에 걸어서 그늘에 건조하십시오.; 제품의 특성상 염료의 탈색이 있는 제품이오니 반드시 다른제품과 구분 후 뒤집어서 단독 세탁해 주십시오.; 중성 세제를 사용하십시오.; 세탁 전에 탈부착식 부자재를 분리하십시오.; 천을 대고 다림질하십시오."
STON06190116,Bio Raso With Bio-alloy Light Cover-tc and Knit,outers,/ShoppingMall-WEB/images/outers/Bio Raso With Bio-alloy Light Cover-tc and Knit/,1361050,BIO RASO WITH BIO-ALLOY™ LIGHT COVER-TC AND KNIT: Bio Raso with Bio-Alloy™ Light Cover-TC 소재의 재킷. Stone Island의 혁신적이고 아이코닉한 고무 가공 새틴 소재인 Bio Raso with Bio-Alloy™ Light Cover-TC는 100% 오가닉 코튼과 식물성 단백질로 설계된 Modern Meadow사의 독점 기술인 Bio-Alloy™로 제작됩니다. 이 기술을 통해 경량 원단의 내구성을 높이고 편안함을 극대화하여 최적의 외관과 착용감을 구현할 수 있습니다. Bio-Alloy™ 기술은 반응성 염료를 사용한 가먼트 다이 염색 공정에 적용될 경우 한층 선명할 뿐 아니라 오래 지속되는 색상을 구현하며 과불화탄소 PFC를 함유하지 않은 특수 물질을 첨가하여 안티드롭 기능을 지닙니다. 5 게이지 오가닉 코튼 소재의 니트.,"리브 조직 오가닉 코튼 소재의 보머 칼라, 버튼 여밈의 코튼 테이프 스트랩. 스냅버튼 여밈의 세로 포켓. 스토키네트 스티치 디테일의 오가닉 코튼 소재 소매, 리브 조직 커프스. 왼쪽 소매에 Stone Island 배지. 리브 조직의 오가닉 코튼 소재로 완성한 밑단 밴드. 버튼 여밈.","바디: 100% 면 - 코팅 제외, 니트 직물 부분: 100% 면","세탁시 저온에서 손세탁 하십시오.; 염소, 산소계 표백제 사용을 삼가하여 주십시오.; 건조시 기계 건조를 삼가하여 주십시오.; 이 제품은 원단 특성상 다림질을 할 경우에는 고온에서의 다림질과 스팀은 삼가하여 주세요.; 드라이클리닝 할 수 없습니다.; 건조시 기계 건조 또는 옷걸이를 사용하지 마시고 형태를 유지하여 그늘에 뉘어서 건조하십시오.; 제품의 특성상 염료의 탈색이 있는 제품이오니 반드시 다른제품과 구분 후 뒤집어서 단독 세탁해 주십시오.; 중성 세제를 사용하십시오.; 세탁 전에 탈부착식 부자재를 분리하십시오.; 천을 대고 다림질하십시오."
STON06200119,Stone Island Marina_plated Cotton Canvas,shirt,/ShoppingMall-WEB/images/shirt/Stone Island Marina_plated Cotton Canvas/,627550,STONE ISLAND MARINA_PLATED COTTON CANVAS: 특수 컬러 레진으로 외부를 코팅 처리한 거친 촉감의 가벼운 퓨어 코튼 캔버스 소재 오버 셔츠. 가먼트 워싱으로 레진 코팅이 제거되어 코튼 특유의 자연스러운 슬러브가 드러납니다.,컴포트 핏. 앞면의 요크. 가슴 부분에 Stone Island Marina 레터링 프린트를 가미한 메탈 버튼 여밈의 패치 포켓. 뒷면 하단에 다섯 개의 큰 스트라이프 프린트. 메탈 버튼 디테일의 커프스. 메탈 버튼 여밈.,"100% 면","세탁시 세탁표시를 반드시 확인하십시오.; 염소, 산소계 표백제 사용을 삼가하여 주십시오.; 건조시 기계 건조를 삼가하여 주십시오.; 이 제품은 원단 특성상 다림질을 할 경우에는 고온에서의 다림질과 스팀은 삼가하여 주세요.; 드라이클리닝 할 수 없습니다.; 건조시 옷걸이에 걸어서 그늘에 건조하십시오.; 단독 세탁 하십시오.; 뒤집어서 세탁하십시오.; 중성 세제를 사용하십시오.; 세제를 직접 의류에 사용하지 마십시오.; 천을 대고 다림질하십시오.; 인쇄 부분에 직접 다림질은 피하십시오."
STON06190101,Membranan 3L TC(R),outers,/ShoppingMall-WEB/images/outers/Membranan 3L TC(R)/,1010600,"MEMBRANA 3L TC: 무광택 나일론 소재의 외부 레이어를 매우 얇은 폴리에스테르 보호막을 덧댄 통기성과 방수 기능을 지닌 멤브레인으로 코팅한 삼중 구조의 가벼운 기능성 원단, MEMBRANA 3L TC 소재로 제작한 보머 재킷. STONE ISLAND 고유의 노하우가 깃든 가먼트 다이 염색 공정을 거친 의상 외부의 레이어는 유려한 색조를 자아내는 동시에 내부 멤브레인 층의 기능성을 그대로 유지합니다. 염색 공정 중 특수 물질을 첨가하여 안티드롭 기능을 지닙니다.",리브 조직 칼라. 플랩 및 스냅버튼 여밈의 약간 기울어진 사선 포켓. 왼쪽 소매에 Stone Island 배지. 리브 조직으로 마감한 커프스와 밑단. 투웨이 지퍼 여밈.,"겉감: 외부 쉘: 100% 나일론, 코팅: 100% 폴리우레탄수지, 내부: 100% 폴리에스터, 니트 직물 부분: 95% 나일론 5% 폴리우레탄, 겉감 2: 100% 나일론, 코팅: 100% 폴리우레탄수지","세탁시 세탁표시를 반드시 확인하십시오.; 염소, 산소계 표백제 사용을 삼가하여 주십시오.; 건조시 기계 건조를 삼가하여 주십시오.; 이 제품은 원단 특성상 다림질을 할 경우에는 고온에서의 다림질과 스팀은 삼가하여 주세요.; 드라이클리닝 할 수 없습니다.; 건조시 옷걸이에 걸어서 그늘에 건조하십시오.; 제품의 특성상 염료의 탈색이 있는 제품이오니 반드시 다른제품과 구분 후 뒤집어서 단독 세탁해 주십시오.; 중성 세제를 사용하십시오.; 세탁 전에 탈부착식 부자재를 분리하십시오.; 천을 대고 다림질하십시오."
STON06190102,Membranan 3L TC(B),outers,/ShoppingMall-WEB/images/outers/Membranan 3L TC(B)/,1116550,"MEMBRANA 3L TC: 무광택 나일론 소재의 외부 레이어를 매우 얇은 폴리에스테르 보호막을 덧댄 통기성과 방수 기능을 지닌 멤브레인으로 코팅한 삼중 구조의 가벼운 기능성 원단, MEMBRANA 3L TC 소재로 제작한 보머 재킷. STONE ISLAND 고유의 노하우가 깃든 가먼트 다이 염색 공정을 거친 의상 외부의 레이어는 유려한 색조를 자아내는 동시에 내부 멤브레인 층의 기능성을 그대로 유지합니다. 염색 공정 중 특수 물질을 첨가하여 안티드롭 기능을 지닙니다.",리브 조직 칼라. 플랩 및 스냅버튼 여밈의 약간 기울어진 사선 포켓. 왼쪽 소매에 Stone Island 배지. 리브 조직으로 마감한 커프스와 밑단. 투웨이 지퍼 여밈.,"겉감: 외부 쉘: 100% 나일론, 코팅: 100% 폴리우레탄수지, 내부: 100% 폴리에스터, 니트 직물 부분: 95% 나일론 5% 폴리우레탄, 겉감 2: 100% 나일론, 코팅: 100% 폴리우레탄수지","세탁시 세탁표시를 반드시 확인하십시오.; 염소, 산소계 표백제 사용을 삼가하여 주십시오.; 건조시 기계 건조를 삼가하여 주십시오.; 이 제품은 원단 특성상 다림질을 할 경우에는 고온에서의 다림질과 스팀은 삼가하여 주세요.; 드라이클리닝 할 수 없습니다.; 건조시 옷걸이에 걸어서 그늘에 건조하십시오.; 제품의 특성상 염료의 탈색이 있는 제품이오니 반드시 다른제품과 구분 후 뒤집어서 단독 세탁해 주십시오.; 중성 세제를 사용하십시오.; 세탁 전에 탈부착식 부자재를 분리하십시오.; 천을 대고 다림질하십시오."
STON06190104,Dissolving Grid Camo On Econyl Regenerated Nylon,outers,/ShoppingMall-WEB/images/outers/Dissolving Grid Camo On Econyl Regenerated Nylon/,1996750,DISSOLVING GRID CAMO ON ECONYL® REGENERATED NYLON: 삼중 구조의 유광 ECONYL® 재생 원사로 이루어진 나일론 캔버스 소재의 재킷. 소비자가 사용하기 전후의 폐기된 나일론은 복합적인 해중합 공정을 통해 재생되어 화석 원료에서 추출한 나일론과 동일한 특성을 자랑하는 섬유로 재탄생합니다. 메쉬 지지면의 일부를 의도적으로 물들여 얻은 STONE ISLAND 고유의 독창적인 카무플라주 디지털 프린트는 가먼트 다이 염색을 통해 부분적인 엠보싱 효과를 선사합니다. 이후 의상은 정교한 이중 염색가공을 거칩니다. 정밀한 이중 가먼트 다이 염색 공정 중 과불화탄소 PFC를 함유하지 않은 특수 물질을 첨가하여 안티드롭 기능을 지닙니다.,"스탠드 칼라 내부에 접어 넣을 수 있는 후드, 옥스포드 나일론 소재의 후드 베이스. 가슴 부분에 두 개의 플랩 및 히든 스냅버튼 여밈의 사선 포켓. 가슴 부분의 포켓 아래에 통기 기능성 슬릿을 형성하는 사선 플랩. 나일론 테이프로 가장자리를 마감한 지퍼 여밈의 세로 포켓. 왼쪽 소매에 Stone Island 배지. 팔꿈치 부분에 옥스포드 나일론 소재의 패치. 팔 위쪽의 지퍼 여밈 포켓. 스냅버튼으로 조절 가능한 커프스 스트랩. 밑단 가장자리에 드로스트링 내장. 중앙에 투웨이 지퍼가 숨겨진 스냅버튼 여밈 더블 플랩.","의류: 100% 나일론, 의류 디테일: 100% 나일론, 안감: 100% 나일론","세탁시 세탁표시를 반드시 확인하십시오.; 염소, 산소계 표백제 사용을 삼가하여 주십시오.; 건조시 기계 건조를 삼가하여 주십시오.; 이 제품은 원단 특성상 다림질을 할 경우에는 고온에서의 다림질과 스팀은 삼가하여 주세요.; 드라이클리닝 할 수 없습니다.; 건조시 옷걸이에 걸어서 그늘에 건조하십시오.; 제품의 특성상 염료의 탈색이 있는 제품이오니 반드시 다른제품과 구분 후 뒤집어서 단독 세탁해 주십시오.; 중성 세제를 사용하십시오.; 세탁 전에 탈부착식 부자재를 분리하십시오.; 천을 대고 다림질하십시오."
STON06190105,Micro Twill,outers,/ShoppingMall-WEB/images/outers/Micro Twill/,1035050,MICRO TWILL: 나선형 분자 구조를 지닌 폴리에스테르 Micro Twill 소재의 재킷. 이 섬유는 깊고 풍부한 색상의 원단에 부드럽고 편안한 질감을 선사합니다. 과불화탄소 PFC를 함유하지 않은 제제로 안티드롭 가공.,"스탠드 칼라 내부에 접어 넣을 수 있는 후드. 어깨 내부의 보강 패치. 퍼넬 플랩 및 히든 스냅버튼 여밈의 패치 포켓, 외부에 히든 지퍼 여밈의 두 번째 포켓. 왼쪽 소매에 Stone Island 배지. 소매 아래에 통기 기능을 위한 오프닝 디테일. 리브 조직 커프스. 밑단에 엘라스틱 드로스트링. 스냅버튼 여밈의 플래킷 아래에 투웨이 히든 지퍼 여밈.","겉감: 100% 폴리에스터, 컨실드 후드: 100% 나일론, 코팅: 100% 폴리우레탄수지","세탁시 세탁표시를 반드시 확인하십시오.; 염소, 산소계 표백제 사용을 삼가하여 주십시오.; 건조시 기계 건조를 삼가하여 주십시오.; 이 제품은 원단 특성상 다림질을 할 경우에는 고온에서의 다림질과 스팀은 삼가하여 주세요.; 드라이클리닝 할 수 없습니다.; 건조시 옷걸이에 걸어서 그늘에 건조하십시오.; 단독 세탁 하십시오.; 뒤집어서 세탁하십시오.; 중성 세제를 사용하십시오.; 세탁 전에 탈부착식 부자재를 분리하십시오.; 천을 대고 다림질하십시오."
STON06190107,Metallic Run Proof Nylon,outers,/ShoppingMall-WEB/images/outers/Metallic Run Proof Nylon/,1271400,METALLIC RUN PROOF NYLON: 유색 압출 폴리우레탄 필름을 덧댄 블랙 색상의 가벼운 올 풀림 방지 가공 폴리에스테르 원단으로 제작하여 메탈릭한 광채를 선사하는 재킷. 탁월한 방수 및 방풍 기능. 최적의 보호 기능을 제공하고 의상의 기하학적 형태를 한층 강조하는 열접착 테이프 디테일. 과불화탄소 PFC를 함유하지 않은 제제로 안티드롭 가공.,"스탠드 칼라. 파이핑으로 가장자리를 마감한 분할 지퍼 여밈의 긴 오프닝이 목 부분에서 시작하여 재킷의 앞면 왼쪽을 따라 이어지는 디자인, 접이식 후드, 가슴 부분의 세로 포켓 및 핸드 포켓. 오른쪽에 파이핑으로 가장자리를 마감한 지퍼 여밈 사선 포켓. 허리 부분 플랩에 통기 기능을 위한 두 개의 오프닝 디테일. 왼쪽 소매에 Stone Island 배지. 부분적으로 신축성 있게 처리한 스냅버튼 디테일 커프스. 뒷면에 통기 기능을 위한 두 개의 오프닝을 가미한 방풍 플랩. 파이핑으로 가장자리를 마감한 투웨이 지퍼 여밈.","의류: 100% 폴리에스터, 코팅: 100% 폴리우레탄수지, 안감 : 100% 나일론","세탁시 저온에서 손세탁 하십시오.; 염소, 산소계 표백제 사용을 삼가하여 주십시오.; 건조시 기계 건조를 삼가하여 주십시오.; 드라이클리닝은 삼가하여 주십시오.; 드라이클리닝 할 수 없습니다.; 건조시 옷걸이에 걸어서 그늘에 건조하십시오.; 단독 세탁 하십시오.; 뒤집어서 세탁하십시오.; 중성 세제를 사용하십시오.; 세탁 전에 탈부착식 부자재를 분리하십시오.; 비틀거나 짜지 마십시오.; 건조시 자연건조하십시오."
STON06190109,Polyester Tela With David Light-tc(B&O),outers,/ShoppingMall-WEB/images/outers/Polyester Tela With David Light-tc(B&O)/,1271400,"POLYESTER TELA WITH DAVID LIGHT-TC: 100% 사용전 재생 폴리에스테르 원사로 제작된 경량 캔버스 소재의 후드 재킷. 원사의 삼중 구조는 원단에 실크와 같은 은은한 광택을 선사하며 별모양 단면의 일본산 폴리에스테르/폴리아미드 캔버스 소재인 David Light-TC로 제작된 의상의 무광택 외관과 대비를 이룹니다. 봉제된 의상은 130°C에서 가압 염색 공정을 거치며, 염색 처리 중 과불화탄소 PFC를 함유하지 않은 특수 물질을 첨가하여 안티드롭 기능을 지닙니다.","David Light-TC 소재를 적용한 후드, 앞뒤 상단 및 소매 윗부분. 약간 기울어진 히든 스냅버튼 여밈 사선 포켓. 왼쪽 소매에 Stone Island 배지. 어깨 뒤쪽의 다트. 스냅버튼 여밈의 신축성 있는 커프스. 버튼 또는 지퍼의 이중 여밈 옵션.","의류: 100% 폴리에스터, 코팅: 100% 폴리우레탄수지, 안감 : 100% 나일론","세탁시 세탁표시를 반드시 확인하십시오.; 염소, 산소계 표백제 사용을 삼가하여 주십시오.; 건조시 기계 건조를 삼가하여 주십시오.; 이 제품은 원단 특성상 다림질을 할 경우에는 고온에서의 다림질과 스팀은 삼가하여 주세요.; 드라이클리닝 할 수 없습니다.; 건조시 옷걸이에 걸어서 그늘에 건조하십시오.; 제품의 특성상 염료의 탈색이 있는 제품이오니 반드시 다른제품과 구분 후 뒤집어서 단독 세탁해 주십시오.; 중성 세제를 사용하십시오.; 세탁 전에 탈부착식 부자재를 분리하십시오.; 천을 대고 다림질하십시오."
STON06190103,Membranan 3L TC(W),outers,/ShoppingMall-WEB/images/outers/Membranan 3L TC(W)/,1116550,"MEMBRANA 3L TC: 무광택 나일론 소재의 외부 레이어를 매우 얇은 폴리에스테르 보호막을 덧댄 통기성과 방수 기능을 지닌 멤브레인으로 코팅한 삼중 구조의 가벼운 기능성 원단, MEMBRANA 3L TC 소재로 제작한 보머 재킷. STONE ISLAND 고유의 노하우가 깃든 가먼트 다이 염색 공정을 거친 의상 외부의 레이어는 유려한 색조를 자아내는 동시에 내부 멤브레인 층의 기능성을 그대로 유지합니다. 염색 공정 중 특수 물질을 첨가하여 안티드롭 기능을 지닙니다.",리브 조직 칼라. 플랩 및 스냅버튼 여밈의 약간 기울어진 사선 포켓. 왼쪽 소매에 Stone Island 배지. 리브 조직으로 마감한 커프스와 밑단. 투웨이 지퍼 여밈.,"겉감: 외부 쉘: 100% 나일론, 코팅: 100% 폴리우레탄수지, 내부: 100% 폴리에스터, 니트 직물 부분: 95% 나일론 5% 폴리우레탄, 겉감 2: 100% 나일론, 코팅: 100% 폴리우레탄수지","세탁시 세탁표시를 반드시 확인하십시오.; 염소, 산소계 표백제 사용을 삼가하여 주십시오.; 건조시 기계 건조를 삼가하여 주십시오.; 이 제품은 원단 특성상 다림질을 할 경우에는 고온에서의 다림질과 스팀은 삼가하여 주세요.; 드라이클리닝 할 수 없습니다.; 건조시 옷걸이에 걸어서 그늘에 건조하십시오.; 제품의 특성상 염료의 탈색이 있는 제품이오니 반드시 다른제품과 구분 후 뒤집어서 단독 세탁해 주십시오.; 중성 세제를 사용하십시오.; 세탁 전에 탈부착식 부자재를 분리하십시오.; 천을 대고 다림질하십시오."
STON06190106,Panama Tinto Terra,outers,/ShoppingMall-WEB/images/outers/Panama Tinto Terra/,1312150,"PANAMA TINTO TERRA: STONE ISLAND CLOSED LOOP 프로젝트는 자체 생산 체인에서 얻은 코튼 원단 스크랩을 재사용합니다. 생산 공장에서 선별된 스크랩은 재가공되어 최소 50% 이상의 회수 물질을 함유한 새로운 혼합 원사로 재탄생합니다. 이러한 정교한 회수 및 재생 공정을 통해 얻어진 원단은 새로운 의류 제작에 사용됩니다. 폐쇄 루프 재생 코튼 50%, 셀룰로오스에서 추출한 라이오셀 50% 구성의 파나마 직조 원단으로 제작한 재킷. 완성된 의상은 PFC를 함유하지 않은 안티드롭 제제를 첨가한 천연 광물성 염료를 사용하여 가먼트 염색 공정을 거쳐 가공된 듯한 효과를 선사합니다.",버튼 여밈 스트랩 디테일의 라운드 칼라. 가슴 부분에 지퍼 여밈 세로 포켓. 약간 기울어진 스냅버튼 여밈 사선 포켓. 왼쪽 소매에 화이트 컬러의 Stone Island Fabric Research 배지. 신축성 있는 커프스. 동일한 원단으로 가장자리를 마감한 투웨이 지퍼 여밈.,"50% 면 50% 레이온 또는 리오셀","세탁시 세탁표시를 반드시 확인하십시오.; 염소, 산소계 표백제 사용을 삼가하여 주십시오.; 건조시 기계 건조를 삼가하여 주십시오.; 이 제품은 원단 특성상 다림질을 할 경우에는 고온에서의 다림질과 스팀은 삼가하여 주세요.; 드라이클리닝 할 수 없습니다.; 건조시 옷걸이에 걸어서 그늘에 건조하십시오.; 제품의 특성상 염료의 탈색이 있는 제품이오니 반드시 다른제품과 구분 후 뒤집어서 단독 세탁해 주십시오.; 중성 세제를 사용하십시오.; 세탁 전에 탈부착식 부자재를 분리하십시오.; 세제를 직접 의류에 사용하지 마십시오.; 천을 대고 다림질하십시오."
STON06190108,Polyester Tela With David Light-tc(B&M),outers,/ShoppingMall-WEB/images/outers/Polyester Tela With David Light-tc(B&M)/,1271400,"POLYESTER TELA WITH DAVID LIGHT-TC: 100% 사용전 재생 폴리에스테르 원사로 제작된 경량 캔버스 소재의 후드 재킷. 원사의 삼중 구조는 원단에 실크와 같은 은은한 광택을 선사하며 별모양 단면의 일본산 폴리에스테르/폴리아미드 캔버스 소재인 David Light-TC로 제작된 의상의 무광택 외관과 대비를 이룹니다. 봉제된 의상은 130°C에서 가압 염색 공정을 거치며, 염색 처리 중 과불화탄소 PFC를 함유하지 않은 특수 물질을 첨가하여 안티드롭 기능을 지닙니다.","David Light-TC 소재를 적용한 후드, 앞뒤 상단 및 소매 윗부분. 약간 기울어진 히든 스냅버튼 여밈 사선 포켓. 왼쪽 소매에 Stone Island 배지. 어깨 뒤쪽의 다트. 스냅버튼 여밈의 신축성 있는 커프스. 버튼 또는 지퍼의 이중 여밈 옵션.","의류: 100% 폴리에스터, 코팅: 100% 폴리우레탄수지, 안감 : 100% 나일론","세탁시 세탁표시를 반드시 확인하십시오.; 염소, 산소계 표백제 사용을 삼가하여 주십시오.; 건조시 기계 건조를 삼가하여 주십시오.; 이 제품은 원단 특성상 다림질을 할 경우에는 고온에서의 다림질과 스팀은 삼가하여 주세요.; 드라이클리닝 할 수 없습니다.; 건조시 옷걸이에 걸어서 그늘에 건조하십시오.; 제품의 특성상 염료의 탈색이 있는 제품이오니 반드시 다른제품과 구분 후 뒤집어서 단독 세탁해 주십시오.; 중성 세제를 사용하십시오.; 세탁 전에 탈부착식 부자재를 분리하십시오.; 천을 대고 다림질하십시오."
STON06190111,Weatherproof Cotton Canvas_ghost Piece(Black),outers,/ShoppingMall-WEB/images/outers/Weatherproof Cotton Canvas_ghost Piece(Black)/,1157300,"WEATHERPROOF COTTON CANVAS_ GHOST PIECE: 카무플라주 컨셉으로부터 기인한 Ghost 라인 아이템은 완전히 한 가지 컬러로 완성됩니다. Stone Island 배지 또한 의상과 동일한 솔리드 컬러로 특수 제작됩니다. 섬유장이 가장 길고 우수한 최고급 면 섬유로 이루어진 고밀도 코튼 캔버스 소재의 셔츠 재킷. 조밀한 섬유 구조와 물에 젖었을 때 팽창하는 특성이 결합되어 별도의 코팅 또는 라미네이트 처리 없이도 어떠한 기상 조건에서도 완벽한 보호 기능을 제공합니다. 편안한 착용감과 탁월한 촉감을 선사하는 100% 천연 소재입니다. 방풍 기능, 통기성 및 뛰어난 내구성을 지닙니다.",셔츠 칼라. 웰트 포켓. 가슴 부분에 가로 지퍼 여밈 패치 포켓. 왼쪽 소매의 Stone Island Ghost 배지. 스냅버튼 여밈 커프스. 밑단의 밴드 디테일. 옆면의 스냅버튼 여밈 스트랩. 뒷면의 요크. 투웨이 지퍼 여밈.,"100% 면","세탁시 세탁표시를 반드시 확인하십시오.; 염소, 산소계 표백제 사용을 삼가하여 주십시오.; 건조시 기계 건조를 삼가하여 주십시오.; 이 제품은 원단 특성상 다림질을 할 경우에는 고온에서의 다림질과 스팀은 삼가하여 주세요.; 드라이클리닝 할 수 없습니다.; 건조시 옷걸이에 걸어서 그늘에 건조하십시오.; 단독 세탁 하십시오.; 뒤집어서 세탁하십시오.; 중성 세제를 사용하십시오.; 세탁 전에 탈부착식 부자재를 분리하십시오.; 천을 대고 다림질하십시오."
STON06200129,'SCRATCHED PAINT ONE' Print,shirt,/ShoppingMall-WEB/images/shirt/'SCRATCHED PAINT ONE' Print/,309700,SCRATCHED PAINT ONE' PRINT: 코튼 저지 소재의 반소매 티셔츠. 가먼트 다이 염색가공.,레귤러 핏. 리브 조직 네크라인. 가슴 중앙 부분에 Stone Island 로고 프린트. 뒷면에 Stone Island 나침반 로고 디테일의 커다란 ‘Scratched Paint One’ 프린트.,"100% 면","세탁시 세탁표시를 반드시 확인하십시오.; 염소, 산소계 표백제 사용을 삼가하여 주십시오.; 건조시 기계 건조를 삼가하여 주십시오.; 이 제품은 원단 특성상 다림질을 할 경우에는 고온에서의 다림질과 스팀은 삼가하여 주세요.; 드라이클리닝 할 수 없습니다.; 건조시 옷걸이에 걸어서 그늘에 건조하십시오.; 제품의 특성상 염료의 탈색이 있는 제품이오니 반드시 다른제품과 구분 후 뒤집어서 단독 세탁해 주십시오.; 중성 세제를 사용하십시오.; 비틀거나 짜지 마십시오.; 천을 대고 다림질하십시오.; 인쇄 부분에 직접 다림질은 피하십시오."
STON06210140,Jeans,trousers,/ShoppingMall-WEB/images/trousers/Jeans/,497150,밑단 너비 17.0 cm,스타일 정보가 없습니다,"100% 면","세탁시 세탁표시를 반드시 확인하십시오.; 염소, 산소계 표백제 사용을 삼가하여 주십시오.; 건조시 기계 건조를 삼가하여 주십시오.; 이 제품은 원단 특성상 다림질을 할 경우에는 고온에서의 다림질과 스팀은 삼가하여 주세요.; 드라이클리닝 할 수 없습니다.; 건조시 옷걸이에 걸어서 그늘에 건조하십시오.; 제품의 특성상 염료의 탈색이 있는 제품이오니 반드시 다른제품과 구분 후 뒤집어서 단독 세탁해 주십시오.; 중성 세제를 사용하십시오.; 세제를 직접 의류에 사용하지 마십시오.; 천을 대고 다림질하십시오."
STON06210142,Stone Island Stellina(P),trousers,/ShoppingMall-WEB/images/trousers/Stone Island Stellina(P)/,562350,STONE ISLAND STELLINA: 수퍼 스트레치 코튼 저지 소재의 조깅 팬츠. 가먼트 다이 염색가공.,"레귤러 핏. 오버록 솔기. 헤링본 코튼 테이프로 마감한 가장자리 및 Stellina 스냅버튼 여밈 디테일의 웰트 포켓. 뒷면 오른쪽, 허리 아래 부분에 Stone Island 별모양 자수 장식. 다리 하단에 평행하게 파이핑 처리한 엘라스틱 밴드. 드로스트링이 내장된 신축성 있는 허리 부분.","88% 면 12% 폴리우레탄","세탁시 세탁표시를 반드시 확인하십시오.; 염소, 산소계 표백제 사용을 삼가하여 주십시오.; 건조시 기계 건조를 삼가하여 주십시오.; 이 제품은 원단 특성상 다림질을 할 경우에는 고온에서의 다림질과 스팀은 삼가하여 주세요.; 드라이클리닝 할 수 없습니다.; 건조시 기계 건조 또는 옷걸이를 사용하지 마시고 형태를 유지하여 그늘에 뉘어서 건조하십시오.; 제품의 특성상 염료의 탈색이 있는 제품이오니 반드시 다른제품과 구분 후 뒤집어서 단독 세탁해 주십시오.; 중성 세제를 사용하십시오.; 천을 대고 다림질하십시오."
STON06210133,Silm Fit,trousers,/ShoppingMall-WEB/images/trousers/Silm Fit/,472700,코튼 플리스 소재의 카고 조깅 팬츠. 가먼트 다이 염색가공.,슬림 핏. 웰트 포켓. 뒷면에 히든 스냅버튼 여밈 포켓. 왼쪽 다리에 Stone Island 배지 장식을 가미한 히든 지퍼 여밈 패치 포켓. 외부 드로스트링 디테일의 신축성 있는 허리 부분. 리브 조직으로 마감한 다리 밑단. 지퍼 여밈.,"의류: 100% 면, 의류 내부 디테일: 100% 면","세탁시 세탁표시를 반드시 확인하십시오.; 염소, 산소계 표백제 사용을 삼가하여 주십시오.; 건조시 기계 건조를 삼가하여 주십시오.; 이 제품은 원단 특성상 다림질을 할 경우에는 고온에서의 다림질과 스팀은 삼가하여 주세요.; 드라이클리닝 할 수 없습니다.; 건조시 기계 건조 또는 옷걸이를 사용하지 마시고 형태를 유지하여 그늘에 뉘어서 건조하십시오.; 제품의 특성상 염료의 탈색이 있는 제품이오니 반드시 다른제품과 구분 후 뒤집어서 단독 세탁해 주십시오.; 중성 세제를 사용하십시오.; 세탁 전에 탈부착식 부자재를 분리하십시오."
STON06210134,'OLD' Treatment(B),trousers,/ShoppingMall-WEB/images/trousers/'OLD' Treatment(B)/,546050,‘OLD’ TREATMENT: 기모 가공 코튼 캔버스 소재의 카고 팬츠. 오래된 듯한 'OLD' 효과를 연출하기 위해 특수 가먼트 다이 염색가공 후 완성된 의상을 페이딩 기법으로 마감하여 약간 낡고 바랜 듯한 입체적인 룩을 선사합니다.,"슬림 핏. 히든 지퍼 여밈 웰트 포켓. 뒷면에 히든 스냅버튼 여밈 포켓. 다리 부분에 플랩과 스냅버튼 여밈의 벨로즈 포켓, 이 중 왼쪽 포켓에 Stone Island 배지 디테일. 보강 처리된 힙 부분. 지퍼와 버튼 여밈.","100% 면","세탁시 세탁표시를 반드시 확인하십시오.; 염소, 산소계 표백제 사용을 삼가하여 주십시오.; 건조시 기계 건조를 삼가하여 주십시오.; 이 제품은 원단 특성상 다림질을 할 경우에는 고온에서의 다림질과 스팀은 삼가하여 주세요.; 드라이클리닝 할 수 없습니다.; 건조시 옷걸이에 걸어서 그늘에 건조하십시오.; 제품의 특성상 염료의 탈색이 있는 제품이오니 반드시 다른제품과 구분 후 뒤집어서 단독 세탁해 주십시오.; 중성 세제를 사용하십시오.; 비틀거나 짜지 마십시오.; 천을 대고 다림질하십시오.; 인쇄 부분에 직접 다림질은 피하십시오."
STON06210135,'OLD' Treatment(Y),trousers,/ShoppingMall-WEB/images/trousers/'OLD' Treatment(Y)/,546050,‘OLD’ TREATMENT: 기모 가공 코튼 캔버스 소재의 카고 팬츠. 오래된 듯한 'OLD' 효과를 연출하기 위해 특수 가먼트 다이 염색가공 후 완성된 의상을 페이딩 기법으로 마감하여 약간 낡고 바랜 듯한 입체적인 룩을 선사합니다.,"슬림 핏. 히든 지퍼 여밈 웰트 포켓. 뒷면에 히든 스냅버튼 여밈 포켓. 다리 부분에 플랩과 스냅버튼 여밈의 벨로즈 포켓, 이 중 왼쪽 포켓에 Stone Island 배지 디테일. 보강 처리된 힙 부분. 지퍼와 버튼 여밈.","100% 면","세탁시 세탁표시를 반드시 확인하십시오.; 염소, 산소계 표백제 사용을 삼가하여 주십시오.; 건조시 기계 건조를 삼가하여 주십시오.; 이 제품은 원단 특성상 다림질을 할 경우에는 고온에서의 다림질과 스팀은 삼가하여 주세요.; 드라이클리닝 할 수 없습니다.; 건조시 옷걸이에 걸어서 그늘에 건조하십시오.; 제품의 특성상 염료의 탈색이 있는 제품이오니 반드시 다른제품과 구분 후 뒤집어서 단독 세탁해 주십시오.; 중성 세제를 사용하십시오.; 비틀거나 짜지 마십시오.; 천을 대고 다림질하십시오.; 인쇄 부분에 직접 다림질은 피하십시오."
STON06210145,Legular Fit Speed,trousers,/ShoppingMall-WEB/images/trousers/Legular Fit Speed/,497150,스트레치 코튼 패러슈트 캔버스 소재의 스피드 팬츠. 가먼트 다이 염색가공.,레귤러 테이퍼드 핏. 옆면의 긴 지퍼 및 상단과 하단의 포켓. 왼쪽 다리 부분에 Stone Island 배지. 신축성 있는 밑단. 드로스트링이 내장된 신축성 있는 허리 부분. 지퍼 여밈.,"97% 면 3% 폴리우레탄","세탁시 세탁표시를 반드시 확인하십시오.; 염소, 산소계 표백제 사용을 삼가하여 주십시오.; 건조시 기계 건조를 삼가하여 주십시오.; 이 제품은 원단 특성상 다림질을 할 경우에는 고온에서의 다림질과 스팀은 삼가하여 주세요.; 드라이클리닝 할 수 없습니다.; 건조시 옷걸이에 걸어서 그늘에 건조하십시오.; 제품의 특성상 염료의 탈색이 있는 제품이오니 반드시 다른제품과 구분 후 뒤집어서 단독 세탁해 주십시오.; 중성 세제를 사용하십시오.; 세탁 전에 탈부착식 부자재를 분리하십시오.; 천을 대고 다림질하십시오."
STON06210137,Supima Cotton Twill Stretch-tc(P),trousers,/ShoppingMall-WEB/images/trousers/Supima Cotton Twill Stretch-tc(P)/,554200,"SUPIMA® COTTON TWILL STRETCH-TC: 위사에 스트레치사를 사용하여 머서라이즈 가공 Supima® 코튼 원사로 직조한 스트레치 Supima® 코튼 트윌 소재의 카고 팬츠. 미국산 피마 코튼임을 보증하는 Supima®(Superior Pima) 인증. 긴 섬유장, 균일성, 높은 강도를 지닌 최고급 품질을 자랑하는 코튼입니다. 가먼트 다이 염색가공.","레귤러 테이퍼드 핏. 히든 지퍼 여밈 웰트 포켓. 뒷면에 히든 스냅버튼 여밈 포켓. 다리 부분에 히든 스냅버튼 및 플랩 여밈 벨로즈 포켓, 왼쪽 포켓에 Stone Island 배지 디테일. 지퍼와 버튼 여밈.","97% 면 3% 폴리우레탄","세탁시 세탁표시를 반드시 확인하십시오.; 염소, 산소계 표백제 사용을 삼가하여 주십시오.; 건조시 기계 건조를 삼가하여 주십시오.; 이 제품은 원단 특성상 다림질을 할 경우에는 고온에서의 다림질과 스팀은 삼가하여 주세요.; 드라이클리닝 할 수 없습니다.; 건조시 옷걸이에 걸어서 그늘에 건조하십시오.; 제품의 특성상 염료의 탈색이 있는 제품이오니 반드시 다른제품과 구분 후 뒤집어서 단독 세탁해 주십시오.; 중성 세제를 사용하십시오.; 세탁 전에 탈부착식 부자재를 분리하십시오.; 천을 대고 다림질하십시오."
STON06210138,Supima Cotton Twill Stretch-tc(B),trousers,/ShoppingMall-WEB/images/trousers/Supima Cotton Twill Stretch-tc(B)/,554200,"SUPIMA® COTTON TWILL STRETCH-TC: 위사에 스트레치사를 사용하여 머서라이즈 가공 Supima® 코튼 원사로 직조한 스트레치 Supima® 코튼 트윌 소재의 카고 팬츠. 미국산 피마 코튼임을 보증하는 Supima®(Superior Pima) 인증. 긴 섬유장, 균일성, 높은 강도를 지닌 최고급 품질을 자랑하는 코튼입니다. 가먼트 다이 염색가공.","레귤러 테이퍼드 핏. 히든 지퍼 여밈 웰트 포켓. 뒷면에 히든 스냅버튼 여밈 포켓. 다리 부분에 히든 스냅버튼 및 플랩 여밈 벨로즈 포켓, 왼쪽 포켓에 Stone Island 배지 디테일. 지퍼와 버튼 여밈.","97% 면 3% 폴리우레탄","세탁시 세탁표시를 반드시 확인하십시오.; 염소, 산소계 표백제 사용을 삼가하여 주십시오.; 건조시 기계 건조를 삼가하여 주십시오.; 이 제품은 원단 특성상 다림질을 할 경우에는 고온에서의 다림질과 스팀은 삼가하여 주세요.; 드라이클리닝 할 수 없습니다.; 건조시 옷걸이에 걸어서 그늘에 건조하십시오.; 제품의 특성상 염료의 탈색이 있는 제품이오니 반드시 다른제품과 구분 후 뒤집어서 단독 세탁해 주십시오.; 중성 세제를 사용하십시오.; 세탁 전에 탈부착식 부자재를 분리하십시오.; 천을 대고 다림질하십시오."
STON06210139,Nylon Metal in EcoNyl Regenrated Nylon,trousers,/ShoppingMall-WEB/images/trousers/Nylon Metal in EcoNyl Regenrated Nylon/,513450,"NYLON METAL IN ECONYL® REGENERATED NYLON: Stone Island에서 개발한 책임 있는 신소재, 이리데슨트 효과의 Nylon Metal 원단으로 제작한 조깅 팬츠. 재생 원사 ECONYL®을 사용하여 새롭게 선보이는 아이코닉 소재의 진화: 소비자가 사용하기 전후의 폐기된 나일론은 복합적인 해중합 공정을 통해 재생되어 화석 원료에서 추출한 나일론과 동일한 특성을 자랑하는 섬유로 재탄생합니다. 원단의 내부를 레진 가공하여 방풍 및 중간 정도의 방수 기능을 지닙니다. 봉제된 의상은 정교한 이중 염색가공을 거칩니다.",레귤러 핏. 테이프로 마감한 가장자리 아래에 지퍼 여밈 세로 포켓. 뒷면에 나일론 테이프로 커버한 가로 지퍼 여밈의 패치 포켓. 나일론 테이프 및 솔기에 사용된 원사는 메탈릭한 느낌을 배제하여 톤온톤 효과를 선사합니다. 왼쪽 다리 부분에 Stone Island 배지. 신축성 있는 밑단. 드로스트링이 내장된 신축성 있는 허리 부분.,"100% 나일론","세탁시 세탁표시를 반드시 확인하십시오.; 염소, 산소계 표백제 사용을 삼가하여 주십시오.; 건조시 기계 건조를 삼가하여 주십시오.; 이 제품은 원단 특성상 다림질을 할 경우에는 고온에서의 다림질과 스팀은 삼가하여 주세요.; 드라이클리닝 할 수 없습니다.; 건조시 옷걸이에 걸어서 그늘에 건조하십시오.; 제품의 특성상 염료의 탈색이 있는 제품이오니 반드시 다른제품과 구분 후 뒤집어서 단독 세탁해 주십시오.; 중성 세제를 사용하십시오.; 세탁 전에 탈부착식 부자재를 분리하십시오.; 천을 대고 다림질하십시오."
STON06210141,Stone Island Stellina(W),trousers,/ShoppingMall-WEB/images/trousers/Stone Island Stellina(W)/,562350,STONE ISLAND STELLINA: 수퍼 스트레치 코튼 저지 소재의 조깅 팬츠. 가먼트 다이 염색가공.,"레귤러 핏. 오버록 솔기. 헤링본 코튼 테이프로 마감한 가장자리 및 Stellina 스냅버튼 여밈 디테일의 웰트 포켓. 뒷면 오른쪽, 허리 아래 부분에 Stone Island 별모양 자수 장식. 다리 하단에 평행하게 파이핑 처리한 엘라스틱 밴드. 드로스트링이 내장된 신축성 있는 허리 부분.","88% 면 12% 폴리우레탄","세탁시 세탁표시를 반드시 확인하십시오.; 염소, 산소계 표백제 사용을 삼가하여 주십시오.; 건조시 기계 건조를 삼가하여 주십시오.; 이 제품은 원단 특성상 다림질을 할 경우에는 고온에서의 다림질과 스팀은 삼가하여 주세요.; 드라이클리닝 할 수 없습니다.; 건조시 기계 건조 또는 옷걸이를 사용하지 마시고 형태를 유지하여 그늘에 뉘어서 건조하십시오.; 제품의 특성상 염료의 탈색이 있는 제품이오니 반드시 다른제품과 구분 후 뒤집어서 단독 세탁해 주십시오.; 중성 세제를 사용하십시오.; 천을 대고 다림질하십시오."
STON06210143,Stone Island Stellina(B),trousers,/ShoppingMall-WEB/images/trousers/Stone Island Stellina(B)/,562350,STONE ISLAND STELLINA: 수퍼 스트레치 코튼 저지 소재의 조깅 팬츠. 가먼트 다이 염색가공.,"레귤러 핏. 오버록 솔기. 헤링본 코튼 테이프로 마감한 가장자리 및 Stellina 스냅버튼 여밈 디테일의 웰트 포켓. 뒷면 오른쪽, 허리 아래 부분에 Stone Island 별모양 자수 장식. 다리 하단에 평행하게 파이핑 처리한 엘라스틱 밴드. 드로스트링이 내장된 신축성 있는 허리 부분.","88% 면 12% 폴리우레탄","세탁시 세탁표시를 반드시 확인하십시오.; 염소, 산소계 표백제 사용을 삼가하여 주십시오.; 건조시 기계 건조를 삼가하여 주십시오.; 이 제품은 원단 특성상 다림질을 할 경우에는 고온에서의 다림질과 스팀은 삼가하여 주세요.; 드라이클리닝 할 수 없습니다.; 건조시 기계 건조 또는 옷걸이를 사용하지 마시고 형태를 유지하여 그늘에 뉘어서 건조하십시오.; 제품의 특성상 염료의 탈색이 있는 제품이오니 반드시 다른제품과 구분 후 뒤집어서 단독 세탁해 주십시오.; 중성 세제를 사용하십시오.; 천을 대고 다림질하십시오."
STON06210146,Dissolving Grid Camo on Econyl Regenerated Nylon(Y),trousers,/ShoppingMall-WEB/images/trousers/Dissolving Grid Camo on Econyl Regenerated Nylon(Y)/,725350,DISSOLVING GRID CAMO ON ECONYL® REGENERATED NYLON: 삼중 구조의 유광 ECONYL® 재생 원사로 이루어진 나일론 캔버스 소재의 팬츠. 소비자가 사용하기 전후의 폐기된 나일론은 복합적인 해중합 공정을 통해 재생되어 화석 원료에서 추출한 나일론과 동일한 특성을 자랑하는 섬유로 재탄생합니다. 메쉬 지지면의 일부를 의도적으로 물들여 얻은 STONE ISLAND 고유의 독창적인 카무플라주 디지털 프린트는 가먼트 다이 염색을 통해 부분적인 엠보싱 효과를 선사합니다. 이후 의상은 정교한 이중 염색가공을 거칩니다.,루즈 핏. 히든 스냅버튼 여밈 사선 포켓. 뒷면에 히든 스냅버튼 여밈 포켓. 왼쪽 다리 부분에 Stone Island 배지. 무릎 부분의 블랙 나일론 테이프 패치에 구조적인 컷 및 통기 기능을 하는 슬릿 디테일. 다리 밑단에 엘라스틱 드로스트링 내장. 나일론 메쉬 소재로 안감 처리. 드로스트링이 내장된 신축성 있는 허리 부분.,"의류: 100% 나일론, 안감: 100% 나일론","세탁시 세탁표시를 반드시 확인하십시오.; 염소, 산소계 표백제 사용을 삼가하여 주십시오.; 건조시 기계 건조를 삼가하여 주십시오.; 이 제품은 원단 특성상 다림질을 할 경우에는 고온에서의 다림질과 스팀은 삼가하여 주세요.; 드라이클리닝 할 수 없습니다.; 건조시 옷걸이에 걸어서 그늘에 건조하십시오.; 제품의 특성상 염료의 탈색이 있는 제품이오니 반드시 다른제품과 구분 후 뒤집어서 단독 세탁해 주십시오.; 중성 세제를 사용하십시오.; 세탁 전에 탈부착식 부자재를 분리하십시오.; 천을 대고 다림질하십시오.

"
STON06210147,Dissolving Grid Camo on Econyl Regenerated Nylon(B),trousers,/ShoppingMall-WEB/images/trousers/Dissolving Grid Camo on Econyl Regenerated Nylon(B)/,725350,DISSOLVING GRID CAMO ON ECONYL® REGENERATED NYLON: 삼중 구조의 유광 ECONYL® 재생 원사로 이루어진 나일론 캔버스 소재의 팬츠. 소비자가 사용하기 전후의 폐기된 나일론은 복합적인 해중합 공정을 통해 재생되어 화석 원료에서 추출한 나일론과 동일한 특성을 자랑하는 섬유로 재탄생합니다. 메쉬 지지면의 일부를 의도적으로 물들여 얻은 STONE ISLAND 고유의 독창적인 카무플라주 디지털 프린트는 가먼트 다이 염색을 통해 부분적인 엠보싱 효과를 선사합니다. 이후 의상은 정교한 이중 염색가공을 거칩니다.,루즈 핏. 히든 스냅버튼 여밈 사선 포켓. 뒷면에 히든 스냅버튼 여밈 포켓. 왼쪽 다리 부분에 Stone Island 배지. 무릎 부분의 블랙 나일론 테이프 패치에 구조적인 컷 및 통기 기능을 하는 슬릿 디테일. 다리 밑단에 엘라스틱 드로스트링 내장. 나일론 메쉬 소재로 안감 처리. 드로스트링이 내장된 신축성 있는 허리 부분.,"의류: 100% 나일론, 안감: 100% 나일론","세탁시 세탁표시를 반드시 확인하십시오.; 염소, 산소계 표백제 사용을 삼가하여 주십시오.; 건조시 기계 건조를 삼가하여 주십시오.; 이 제품은 원단 특성상 다림질을 할 경우에는 고온에서의 다림질과 스팀은 삼가하여 주세요.; 드라이클리닝 할 수 없습니다.; 건조시 옷걸이에 걸어서 그늘에 건조하십시오.; 제품의 특성상 염료의 탈색이 있는 제품이오니 반드시 다른제품과 구분 후 뒤집어서 단독 세탁해 주십시오.; 중성 세제를 사용하십시오.; 세탁 전에 탈부착식 부자재를 분리하십시오.; 천을 대고 다림질하십시오.

"
STON06210148,Panama Tinto Terra,trousers,/ShoppingMall-WEB/images/trousers/Panama Tinto Terra/,627550,"PANAMA TINTO TERRA: STONE ISLAND CLOSED LOOP 프로젝트는 자체 생산 체인에서 얻은 코튼 원단 스크랩을 재사용합니다. 생산 공장에서 선별된 스크랩은 재가공되어 최소 50% 이상의 회수 물질을 함유한 새로운 혼합 원사로 재탄생합니다. 이러한 정교한 회수 및 재생 공정을 통해 얻어진 원단은 새로운 의류 제작에 사용됩니다. 폐쇄 루프 재생 코튼 50%, 셀룰로오스에서 추출한 라이오셀 50% 구성의 파나마 직조 원단으로 제작한 카고 팬츠. 완성된 의상은 천연 광물성 염료를 사용한 가먼트 염색 공정을 거쳐 가공된 듯한 효과를 선사합니다.","레귤러 핏. 사선 포켓. 뒷면에 크게 기울어진 버튼 여밈 사선 포켓. 오른쪽 다리에 플랩과 버튼 여밈의 작은 포켓. 왼쪽 다리 하단의 커다란 벨로즈 패치 포켓: 앞쪽에서는 플랩 여밈 포켓을, 옆면에서는 상부 입구의 작은 포켓을 형성하는 디자인. 허리 뒷면의 유틸리티 루프. 지퍼와 버튼 여밈.","50% 면 50% 레이온 또는 리오셀","세탁시 세탁표시를 반드시 확인하십시오.; 염소, 산소계 표백제 사용을 삼가하여 주십시오.; 건조시 기계 건조를 삼가하여 주십시오.; 이 제품은 원단 특성상 다림질을 할 경우에는 고온에서의 다림질과 스팀은 삼가하여 주세요.; 드라이클리닝 할 수 없습니다.; 건조시 옷걸이에 걸어서 그늘에 건조하십시오.; 제품의 특성상 염료의 탈색이 있는 제품이오니 반드시 다른제품과 구분 후 뒤집어서 단독 세탁해 주십시오.; 중성 세제를 사용하십시오.; 세탁 전에 탈부착식 부자재를 분리하십시오.; 세제를 직접 의류에 사용하지 마십시오.; 천을 대고 다림질하십시오."
STON06220149,Stone Island Low Cut Sneaker Hairy Suede With Leather,ETC,/ShoppingMall-WEB/images/ETC/Stone Island Low Cut Sneaker Hairy Suede With Leather/,472700,"70년대 스타일의 스니커즈와 밀리터리 슈즈가 결합된 아이템. 염색 가공한 헤어리 스웨이드와 부드러운 가죽을 사용하여 완성한 톤온톤 어퍼, Stone Island의 염색 연구소에서 자체적으로 염색한 Stone Island 나침반 패치 로고 장식. 톤온톤 마감한 모든 액세서리. 반투명한 컬러 고무 소재의 밑창.",측면 외부의 블랙 컬러 Stone Island 레터링 프린트. 힐 부분의 나침반 디보싱 로고. 어퍼와 밑창을 연결하는 핸드 스티치. 동일한 톤의 슈레이스. 그리드 모티프 및 Stone Island 나침반 로고가 특징인 톤온톤 반투명 트레드 고무 밑창.,"높은: 가죽: 소가죽 100%, 내벽: 합성 소재: 폴리우레탄, 깔창: 원단: 폴리에스터, 밑창: 기타 소재: 고무","물세탁은 삼가하여 주십시오.; 염소, 산소계 표백제 사용을 삼가하여 주십시오.; 건조시 기계 건조를 삼가하여 주십시오.; 드라이클리닝은 삼가하여 주십시오.; 드라이클리닝 할 수 없습니다.; 젖은 천으로 청소하십시오."
STON06220154,Lino Nylon Tela-tc(Beltbag)(B),ETC,/ShoppingMall-WEB/images/ETC/Lino Nylon Tela-tc(Beltbag)(B)/,309700,"LINO NYLON TELA-TC: 리넨과 나일론 원사를 정교하게 혼방한 원단인 Lino Nylon Tela-TC 소재의 벨트백. 리넨 특유의 순수함과 우아함은 나일론이 지닌 가벼움 및 기술성과 결합되어 내마모성이 뛰어난 기능적인 원사로 탄생합니다. 완성된 의상은 나일론 단독 또는 코튼-나일론 섬유를 위한 정교한 가먼트 다이 염색 공정을 거치며 나일론 단독 염색의 경우, 직물의 리넨 성분으로 인해 의상이 파스텔 색조를 띄게 됩니다.","앞면에 Stone Island 나침반 로고를 가미한 지퍼 여밈 벨로즈 포켓. 내부에 지퍼 여밈 포켓을 가미한 메인 수납공간, 나일론 테이프로 가장자리를 마감한 상단 지퍼 여밈. 루프를 형성하는 옆면의 나일론 테이프. 뒷면에 Stone Island 레터링 자수를 가미한 나일론 테이프 패치. 내구성을 지닌 Cordura® 원단으로 완성한 하단. 기모 가공 나일론 캔버스 원단으로 안감 처리. 스냅 후크로 고정되는 조절 가능한 나일론 숄더 스트랩.","겉감: 80% 마 20% 나일론, 겉감 2: 100% 나일론, 코팅: 100% 폴리우레탄수지, 이너 레이어: 100% 폴리에스터, 안감 : 100% 나일론","세탁시 세탁표시를 반드시 확인하십시오.; 염소, 산소계 표백제 사용을 삼가하여 주십시오.; 건조시 기계 건조를 삼가하여 주십시오.; 드라이클리닝은 삼가하여 주십시오.; 드라이클리닝 할 수 없습니다.; 건조시 옷걸이에 걸어서 그늘에 건조하십시오.; 제품의 특성상 염료의 탈색이 있는 제품이오니 반드시 다른제품과 구분 후 뒤집어서 단독 세탁해 주십시오.; 물에 오랫동안 방치하지 마십시오.; 중성 세제를 사용하십시오.; 세탁 전에 탈부착식 부자재를 분리하십시오.; 세제를 직접 의류에 사용하지 마십시오.; 비틀거나 짜지 마십시오."
STON06220159,Nylon Metal in Econyl Regenerated nylon(Buckethat)(B),ETC,/ShoppingMall-WEB/images/ETC/Nylon Metal in Econyl Regenerated nylon(Buckethat)(B)/,244500,NYLON METAL IN ECONYL® REGENERATED NYLON: 이리데슨트 효과의 Nylon Metal 원단으로 제작한 버킷햇. 재생 원사 ECONYL®을 사용하여 새롭게 선보이는 아이코닉 소재의 진화: 소비자가 사용하기 전후의 폐기된 나일론은 복합적인 해중합 공정을 통해 재생되어 화석 원료에서 추출한 나일론과 동일한 특성을 자랑하는 섬유로 재탄생합니다. 폴리에스테르 소재로 얇게 패딩 가공.,크라운 부분의 Stone Island 나침반 로고. 코튼 트윌 소재로 가장자리를 마감한 내부 밴드. 블랙 색상의 폴리에스테르 메쉬 소재로 안감 처리.,"겉감: 100% 나일론, 안감 : 100% 폴리에스터","세탁시 저온에서 손세탁 하십시오.; 염소, 산소계 표백제 사용을 삼가하여 주십시오.; 건조시 기계 건조를 삼가하여 주십시오.; 드라이클리닝은 삼가하여 주십시오.; 드라이클리닝 할 수 없습니다.; 건조시 옷걸이에 걸어서 그늘에 건조하십시오.; 단독 세탁 하십시오.; 중성 세제를 사용하십시오.; 비틀거나 짜지 마십시오.; 건조시 자연건조하십시오."
STON06220162,Beach Towel(M),ETC,/ShoppingMall-WEB/images/ETC/Beach Towel(M)/,317850,코튼 테리 소재의 비치 타월.,"한쪽 끝부분에 커다란 Stone Island 자수 및 우븐 로고, 다른 한쪽 끝부분에 커다란 Stone Island 우븐 로고.","100% 면","세탁시 세탁표시를 반드시 확인하십시오.; 염소, 산소계 표백제 사용을 삼가하여 주십시오.; 건조시 저온으로 기계 건조가 가능합니다.; ; 드라이클리닝 할 수 없습니다.; 건조시 옷걸이에 걸어서 그늘에 건조하십시오.; 단독 세탁 하십시오."
STON06220150,Lino Nylon Tela-tc(V)(Bagpack),ETC,/ShoppingMall-WEB/images/ETC/Lino Nylon Tela-tc(V)(Bagpack)/,725350,"LINO NYLON TELA-TC: 리넨과 나일론 원사를 정교하게 혼방한 원단인 Lino Nylon Tela-TC 소재의 백팩. 리넨 특유의 순수함과 우아함은 나일론이 지닌 가벼움 및 기술성과 결합되어 내마모성이 뛰어난 기능적인 원사로 탄생합니다. 완성된 의상은 나일론 단독 또는 코튼-나일론 섬유를 위한 정교한 가먼트 다이 염색 공정을 거치며 나일론 단독 염색의 경우, 직물의 리넨 성분으로 인해 의상이 파스텔 색조를 띄게 됩니다.","앞면에 박시 플랩과 히든 지퍼 잠금의 커다란 벨로즈 포켓 두 개, Stone Island 나침반 로고. 한쪽 면에 긴 세로 지퍼 잠금의 컴퓨터 수납 포켓, 내부 벨크로 잠금 보조 입구 디테일. 조절 가능한 버클과 나일론 스트랩 여밈 디테일의 상단 플랩, 내부 지퍼 포켓, Stone Island 레터링 자수 장식을 가미한 상단 핸들. 가장자리 드로스트링 디테일의 입구. 찢어짐 방지 기능을 지닌 Cordura® 소재의 밑면. 패딩 처리한 뒷면, 조절 가능한 숄더 스트랩.","겉감: 80% 마 20% 나일론, 겉감 2: 100% 나일론, 코팅: 100% 폴리우레탄수지, 이너 레이어: 100% 폴리에스터, 안감 : 100% 나일론","세탁시 세탁표시를 반드시 확인하십시오.; 염소, 산소계 표백제 사용을 삼가하여 주십시오.; 건조시 기계 건조를 삼가하여 주십시오.; 드라이클리닝은 삼가하여 주십시오.; 드라이클리닝 할 수 없습니다.; 건조시 옷걸이에 걸어서 그늘에 건조하십시오.; 제품의 특성상 염료의 탈색이 있는 제품이오니 반드시 다른제품과 구분 후 뒤집어서 단독 세탁해 주십시오.; 물에 오랫동안 방치하지 마십시오.; 중성 세제를 사용하십시오.; 세제를 직접 의류에 사용하지 마십시오.; 비틀거나 짜지 마십시오."
STON06220151,Lino Nylon Tela-tc(P)(Bagpack),ETC,/ShoppingMall-WEB/images/ETC/Lino Nylon Tela-tc(P)(Bagpack)/,725350,"LINO NYLON TELA-TC: 리넨과 나일론 원사를 정교하게 혼방한 원단인 Lino Nylon Tela-TC 소재의 백팩. 리넨 특유의 순수함과 우아함은 나일론이 지닌 가벼움 및 기술성과 결합되어 내마모성이 뛰어난 기능적인 원사로 탄생합니다. 완성된 의상은 나일론 단독 또는 코튼-나일론 섬유를 위한 정교한 가먼트 다이 염색 공정을 거치며 나일론 단독 염색의 경우, 직물의 리넨 성분으로 인해 의상이 파스텔 색조를 띄게 됩니다.","앞면에 박시 플랩과 히든 지퍼 잠금의 커다란 벨로즈 포켓 두 개, Stone Island 나침반 로고. 한쪽 면에 긴 세로 지퍼 잠금의 컴퓨터 수납 포켓, 내부 벨크로 잠금 보조 입구 디테일. 조절 가능한 버클과 나일론 스트랩 여밈 디테일의 상단 플랩, 내부 지퍼 포켓, Stone Island 레터링 자수 장식을 가미한 상단 핸들. 가장자리 드로스트링 디테일의 입구. 찢어짐 방지 기능을 지닌 Cordura® 소재의 밑면. 패딩 처리한 뒷면, 조절 가능한 숄더 스트랩.","겉감: 80% 마 20% 나일론, 겉감 2: 100% 나일론, 코팅: 100% 폴리우레탄수지, 이너 레이어: 100% 폴리에스터, 안감 : 100% 나일론","세탁시 세탁표시를 반드시 확인하십시오.; 염소, 산소계 표백제 사용을 삼가하여 주십시오.; 건조시 기계 건조를 삼가하여 주십시오.; 드라이클리닝은 삼가하여 주십시오.; 드라이클리닝 할 수 없습니다.; 건조시 옷걸이에 걸어서 그늘에 건조하십시오.; 제품의 특성상 염료의 탈색이 있는 제품이오니 반드시 다른제품과 구분 후 뒤집어서 단독 세탁해 주십시오.; 물에 오랫동안 방치하지 마십시오.; 중성 세제를 사용하십시오.; 세제를 직접 의류에 사용하지 마십시오.; 비틀거나 짜지 마십시오."
STON06220152,Lino Nylon Tela-tc(G)(Bagpack),ETC,/ShoppingMall-WEB/images/ETC/Lino Nylon Tela-tc(G)(Bagpack)/,725350,"LINO NYLON TELA-TC: 리넨과 나일론 원사를 정교하게 혼방한 원단인 Lino Nylon Tela-TC 소재의 백팩. 리넨 특유의 순수함과 우아함은 나일론이 지닌 가벼움 및 기술성과 결합되어 내마모성이 뛰어난 기능적인 원사로 탄생합니다. 완성된 의상은 나일론 단독 또는 코튼-나일론 섬유를 위한 정교한 가먼트 다이 염색 공정을 거치며 나일론 단독 염색의 경우, 직물의 리넨 성분으로 인해 의상이 파스텔 색조를 띄게 됩니다.","앞면에 박시 플랩과 히든 지퍼 잠금의 커다란 벨로즈 포켓 두 개, Stone Island 나침반 로고. 한쪽 면에 긴 세로 지퍼 잠금의 컴퓨터 수납 포켓, 내부 벨크로 잠금 보조 입구 디테일. 조절 가능한 버클과 나일론 스트랩 여밈 디테일의 상단 플랩, 내부 지퍼 포켓, Stone Island 레터링 자수 장식을 가미한 상단 핸들. 가장자리 드로스트링 디테일의 입구. 찢어짐 방지 기능을 지닌 Cordura® 소재의 밑면. 패딩 처리한 뒷면, 조절 가능한 숄더 스트랩.","겉감: 80% 마 20% 나일론, 겉감 2: 100% 나일론, 코팅: 100% 폴리우레탄수지, 이너 레이어: 100% 폴리에스터, 안감 : 100% 나일론","세탁시 세탁표시를 반드시 확인하십시오.; 염소, 산소계 표백제 사용을 삼가하여 주십시오.; 건조시 기계 건조를 삼가하여 주십시오.; 드라이클리닝은 삼가하여 주십시오.; 드라이클리닝 할 수 없습니다.; 건조시 옷걸이에 걸어서 그늘에 건조하십시오.; 제품의 특성상 염료의 탈색이 있는 제품이오니 반드시 다른제품과 구분 후 뒤집어서 단독 세탁해 주십시오.; 물에 오랫동안 방치하지 마십시오.; 중성 세제를 사용하십시오.; 세제를 직접 의류에 사용하지 마십시오.; 비틀거나 짜지 마십시오."
STON06200122,Printed Cotton Jersey With 'CAMO THREE' Embroidery,shirt,/ShoppingMall-WEB/images/shirt/Printed Cotton Jersey With 'CAMO THREE' Embroidery/,464550,PRINTED COTTON JERSEY WITH 'CAMO THREE' EMBROIDERY: 코튼 저지 소재의 긴소매 티셔츠. 가먼트 다이 염색가공.,레귤러 핏. 리브 조직 네크라인. 가슴 부분에 ‘Camo Two’ 모티프의 자수 장식. 리브 조직 커프스.,"100% 면","세탁시 세탁표시를 반드시 확인하십시오.; 염소, 산소계 표백제 사용을 삼가하여 주십시오.; 건조시 기계 건조를 삼가하여 주십시오.; 이 제품은 원단 특성상 다림질을 할 경우에는 고온에서의 다림질과 스팀은 삼가하여 주세요.; 드라이클리닝 할 수 없습니다.; 건조시 옷걸이에 걸어서 그늘에 건조하십시오.; 제품의 특성상 염료의 탈색이 있는 제품이오니 반드시 다른제품과 구분 후 뒤집어서 단독 세탁해 주십시오.; 중성 세제를 사용하십시오.; 천을 대고 다림질하십시오."
STON06200124,Stone Island Marina_'OLD' Treatment,shirt,/ShoppingMall-WEB/images/shirt/Stone Island Marina_'OLD' Treatment/,383050,STONE ISLAND MARINA_‘OLD’ TREATMENT: 코튼 저지 소재의 반소매 크루넥 티셔츠. 오래된 듯한 'OLD' 효과를 연출하기 위해 특수 가먼트 다이 염색가공 후 완성된 의상을 페이딩 기법으로 마감하여 약간 마모되고 바랜 듯한 입체적인 룩을 선사합니다.,오버사이즈 핏. 스티치 라인 디테일의 리브 조직 네크라인. 가슴 부분에 Stone Island Marina 레터링 모티프의 프린트를 가미한 패치 포켓. 완성된 의상에 적용되는 뒷면의 커다란 스트라이프 프린트.,"100% 면","세탁시 세탁표시를 반드시 확인하십시오.; 염소, 산소계 표백제 사용을 삼가하여 주십시오.; 건조시 기계 건조를 삼가하여 주십시오.; 이 제품은 원단 특성상 다림질을 할 경우에는 고온에서의 다림질과 스팀은 삼가하여 주세요.; 드라이클리닝 할 수 없습니다.; 건조시 옷걸이에 걸어서 그늘에 건조하십시오.; 제품의 특성상 염료의 탈색이 있는 제품이오니 반드시 다른제품과 구분 후 뒤집어서 단독 세탁해 주십시오.; 중성 세제를 사용하십시오.; 세제를 직접 의류에 사용하지 마십시오.; 천을 대고 다림질하십시오.; 인쇄 부분에 직접 다림질은 피하십시오."
STON06200117,Light Reacting 'LUCE' Print Technique(S),shirt,/ShoppingMall-WEB/images/shirt/Light Reacting 'LUCE' Print Technique(S)/,676450,LIGHT REACTING ‘LUCE’ PRINT TECHNIQUE: 스트레치 코튼 패러슈트 캔버스 소재의 볼링 셔츠. 의상의 프린트는 Stone Island의 아이코닉한 ‘Luce’ 기법을 적용하여 완성됩니다. 암실에서 의류는 특수 감광 용액에 침수됩니다. 그런 다음 특수 설계된 다게레오타입 사이로 밝은 빛에 개별적으로 노출시켜 의류 표면에 '사진'과 같은 패턴 및 디자인을 구현합니다. 이러한 특수 기법을 통해 미묘한 느낌의 프린트가 탄생합니다. 의상은 건조 및 오버다이 공정을 거칩니다.,레귤러 핏. 가슴 부분의 패치 포켓. 가슨 부분 왼쪽 하단에 Stone Island 레터링 프린트. 버튼 여밈.,"97% 면 3% 폴리우레탄","세탁시 세탁표시를 반드시 확인하십시오.; 염소, 산소계 표백제 사용을 삼가하여 주십시오.; 건조시 기계 건조를 삼가하여 주십시오.; 이 제품은 원단 특성상 다림질을 할 경우에는 고온에서의 다림질과 스팀은 삼가하여 주세요.; 드라이클리닝 할 수 없습니다.; 건조시 옷걸이에 걸어서 그늘에 건조하십시오.; 제품의 특성상 염료의 탈색이 있는 제품이오니 반드시 다른제품과 구분 후 뒤집어서 단독 세탁해 주십시오.; 중성 세제를 사용하십시오.; 뒤집어서 다림질하십시오.; 천을 대고 다림질하십시오.; 인쇄 부분에 직접 다림질은 피하십시오."
STON06200118,Light Reacting 'LUCE' Print Technique(V),shirt,/ShoppingMall-WEB/images/shirt/Light Reacting 'LUCE' Print Technique(V)/,790550,LIGHT REACTING ‘LUCE’ PRINT TECHNIQUE: 스트레치 코튼 패러슈트 캔버스 소재의 반지퍼 여밈 오버 셔츠. 의상의 프린트는 Stone Island의 아이코닉한 ‘Luce’ 기법을 적용하여 완성됩니다. 암실에서 의류는 특수 감광 용액에 침수됩니다. 그런 다음 특수 설계된 다게레오타입 사이로 밝은 빛에 개별적으로 노출시켜 의류 표면에 '사진'과 같은 패턴 및 디자인을 구현합니다. 이러한 특수 기법을 통해 미묘한 느낌의 프린트가 탄생합니다. 의상은 건조 및 오버다이 공정을 거칩니다.,루즈 핏. 지퍼 디테일의 스탠드 칼라. 가슴 부분 하단에 Stone Island 레터링 프린트. 웰트 포켓. 신축성 있는 커프스. 밑단에 엘라스틱 드로스트링. 뒷면의 요크.,"97% 면 3% 폴리우레탄","세탁시 세탁표시를 반드시 확인하십시오.; 염소, 산소계 표백제 사용을 삼가하여 주십시오.; 건조시 기계 건조를 삼가하여 주십시오.; 이 제품은 원단 특성상 다림질을 할 경우에는 고온에서의 다림질과 스팀은 삼가하여 주세요.; 드라이클리닝 할 수 없습니다.; 건조시 옷걸이에 걸어서 그늘에 건조하십시오.; 제품의 특성상 염료의 탈색이 있는 제품이오니 반드시 다른제품과 구분 후 뒤집어서 단독 세탁해 주십시오.; 중성 세제를 사용하십시오.; 세제를 직접 의류에 사용하지 마십시오.; 비틀거나 짜지 마십시오.; 천을 대고 다림질하십시오.; 인쇄 부분에 직접 다림질은 피하십시오."
STON06200120,Comfort Fit,shirt,/ShoppingMall-WEB/images/shirt/Comfort Fit/,415650,슬러브 코튼 리넨 캔버스 소재의 긴소매 셔츠. 가먼트 다이 염색가공.,컴포트 핏. 버튼다운 칼라. 가슴 부분에 히든 버튼 및 플랩 여밈의 패치 포켓. 포켓 아래에 Stone Island 레터링 모티프의 작은 고무 가공 엠보싱 프린트. 버튼 디테일 커프스. 버튼 여밈.,"68% 면 32% 마","세탁시 세탁표시를 반드시 확인하십시오.; 염소, 산소계 표백제 사용을 삼가하여 주십시오.; 건조시 기계 건조를 삼가하여 주십시오.; 이 제품은 원단 특성상 다림질을 할 경우에는 고온에서의 다림질과 스팀은 삼가하여 주세요.; 드라이클리닝 할 수 없습니다.; 건조시 옷걸이에 걸어서 그늘에 건조하십시오.; 제품의 특성상 염료의 탈색이 있는 제품이오니 반드시 다른제품과 구분 후 뒤집어서 단독 세탁해 주십시오.; 중성 세제를 사용하십시오.; 천을 대고 다림질하십시오.; 인쇄 부분에 직접 다림질은 피하십시오."
STON06200126,'STRIPES TWO' Print,shirt,/ShoppingMall-WEB/images/shirt/'STRIPES TWO' Print/,285250,STRIPES TWO' PRINT: 코튼 저지 소재의 반소매 티셔츠. 가먼트 다이 염색가공.,레귤러 핏. 리브 조직 네크라인. 왼쪽 소매 부분에 Stone Island 나침반 로고를 가미한 ‘Stripe Two’ 모티프 프린트.,"100% 면","세탁시 세탁표시를 반드시 확인하십시오.; 염소, 산소계 표백제 사용을 삼가하여 주십시오.; 건조시 기계 건조를 삼가하여 주십시오.; 이 제품은 원단 특성상 다림질을 할 경우에는 고온에서의 다림질과 스팀은 삼가하여 주세요.; 드라이클리닝 할 수 없습니다.; 건조시 옷걸이에 걸어서 그늘에 건조하십시오.; 제품의 특성상 염료의 탈색이 있는 제품이오니 반드시 다른제품과 구분 후 뒤집어서 단독 세탁해 주십시오.; 중성 세제를 사용하십시오.; 천을 대고 다림질하십시오.; 인쇄 부분에 직접 다림질은 피하십시오."
STON06200127,'FISSATO' Treatment(V),shirt,/ShoppingMall-WEB/images/shirt/'FISSATO' Treatment(V)/,285250,‘FISSATO' TREATMENT: 오가닉 코튼 저지 소재의 반소매 티셔츠. 수용성 레진 처리 및 가먼트 다이 공법을 거치는 특수 염색가공 ‘Fissato’로 완성하여 입체적인 효과를 자아냅니다.,레귤러 핏. 리브 조직 네크라인. 가슴 부분에 Stone Island 로고 자수 장식. 뒷목 아랫부분에 안감 처리한 반원 디테일.,"100% 면","세탁시 세탁표시를 반드시 확인하십시오.; 염소, 산소계 표백제 사용을 삼가하여 주십시오.; 건조시 기계 건조를 삼가하여 주십시오.; 이 제품은 원단 특성상 다림질을 할 경우에는 고온에서의 다림질과 스팀은 삼가하여 주세요.; 드라이클리닝 할 수 없습니다.; 건조시 옷걸이에 걸어서 그늘에 건조하십시오.; 제품의 특성상 염료의 탈색이 있는 제품이오니 반드시 다른제품과 구분 후 뒤집어서 단독 세탁해 주십시오.; 중성 세제를 사용하십시오.; 세제를 직접 의류에 사용하지 마십시오.; 천을 대고 다림질하십시오."
STON06200130,'REFLECTIVE TWO' Print,shirt,/ShoppingMall-WEB/images/shirt/'REFLECTIVE TWO' Print/,244500,REFLECTIVE TWO' PRINT: 코튼 저지 소재의 반소매 티셔츠. 가먼트 다이 염색가공.,레귤러 핏. 리브 조직 네크라인. 가슴 부분에 Stone Island 로고 반사 프린트인 ‘Reflective Two’ 디테일.,"100% 면","세탁시 세탁표시를 반드시 확인하십시오.; 염소, 산소계 표백제 사용을 삼가하여 주십시오.; 건조시 기계 건조를 삼가하여 주십시오.; 이 제품은 원단 특성상 다림질을 할 경우에는 고온에서의 다림질과 스팀은 삼가하여 주세요.; 드라이클리닝 할 수 없습니다.; 건조시 옷걸이에 걸어서 그늘에 건조하십시오.; 제품의 특성상 염료의 탈색이 있는 제품이오니 반드시 다른제품과 구분 후 뒤집어서 단독 세탁해 주십시오.; 중성 세제를 사용하십시오.; 비틀거나 짜지 마십시오.; 천을 대고 다림질하십시오.; 인쇄 부분에 직접 다림질은 피하십시오."
STON06200131,'ARCHIVIO' Print,shirt,/ShoppingMall-WEB/images/shirt/'ARCHIVIO' Print/,309700,"ARCHIVIO' PRINT: 코튼 저지 소재의 반소매 티셔츠. Archivio(아르키비오)는 Stone Island의 텍스타일에 대한 실험과 혁신을 보여주는 프로젝트입니다. 고유의 연구 방법은 40여 년에 걸쳐 패션과 디자인계에서 길잡이와 같은 역할을 해왔습니다. 매 시즌, 하나의 티셔츠를 통해 열정적인 연구로 탄생한 상징적인 소재에 대한 이야기를 전해줍니다. 의상에 부착된 라벨의 투명창에는 원단 샘플이 들어 있습니다.",슬림 핏. 평행 스트라이프 디테일의 테이프로 마감한 리브 조직 네크라인 내부. 가슴 부분에 ARCHIVIO 자수 디테일. 뒷면에 ‘989 봄-여름 컬렉션에서 선보인 아이스 재킷 사진.,"100% 면","세탁시 세탁표시를 반드시 확인하십시오.; 염소, 산소계 표백제 사용을 삼가하여 주십시오.; 건조시 기계 건조를 삼가하여 주십시오.; 이 제품은 원단 특성상 다림질을 할 경우에는 고온에서의 다림질과 스팀은 삼가하여 주세요.; 드라이클리닝 할 수 없습니다.; 건조시 옷걸이에 걸어서 그늘에 건조하십시오.; 제품의 특성상 염료의 탈색이 있는 제품이오니 반드시 다른제품과 구분 후 뒤집어서 단독 세탁해 주십시오.; 중성 세제를 사용하십시오.; 비틀거나 짜지 마십시오.; 천을 대고 다림질하십시오.; 인쇄 부분에 직접 다림질은 피하십시오."
STON06210136,'OLD' Treatment(P),trousers,/ShoppingMall-WEB/images/trousers/'OLD' Treatment(P)/,546050,‘OLD’ TREATMENT: 기모 가공 코튼 캔버스 소재의 카고 팬츠. 오래된 듯한 'OLD' 효과를 연출하기 위해 특수 가먼트 다이 염색가공 후 완성된 의상을 페이딩 기법으로 마감하여 약간 낡고 바랜 듯한 입체적인 룩을 선사합니다.,"슬림 핏. 히든 지퍼 여밈 웰트 포켓. 뒷면에 히든 스냅버튼 여밈 포켓. 다리 부분에 플랩과 스냅버튼 여밈의 벨로즈 포켓, 이 중 왼쪽 포켓에 Stone Island 배지 디테일. 보강 처리된 힙 부분. 지퍼와 버튼 여밈.","100% 면","세탁시 세탁표시를 반드시 확인하십시오.; 염소, 산소계 표백제 사용을 삼가하여 주십시오.; 건조시 기계 건조를 삼가하여 주십시오.; 이 제품은 원단 특성상 다림질을 할 경우에는 고온에서의 다림질과 스팀은 삼가하여 주세요.; 드라이클리닝 할 수 없습니다.; 건조시 옷걸이에 걸어서 그늘에 건조하십시오.; 제품의 특성상 염료의 탈색이 있는 제품이오니 반드시 다른제품과 구분 후 뒤집어서 단독 세탁해 주십시오.; 중성 세제를 사용하십시오.; 비틀거나 짜지 마십시오.; 천을 대고 다림질하십시오.; 인쇄 부분에 직접 다림질은 피하십시오."
STON06210144,Loose Fit Cargo,trousers,/ShoppingMall-WEB/images/trousers/Loose Fit Cargo/,594950,스트레치 코튼 새틴 소재의 카고 팬츠. 가먼트 다이 염색가공.,"레귤러 핏. 웰트 포켓. 뒷면에 히든 스냅버튼 여밈 포켓. 양쪽 다리 부분에 스냅버튼 및 플랩 여밈의 카고 패치 포켓, 이 중 왼쪽 포켓에 Stone Island 배지. 지퍼와 버튼 여밈.","98% 면 2% 폴리우레탄","세탁시 세탁표시를 반드시 확인하십시오.; 염소, 산소계 표백제 사용을 삼가하여 주십시오.; 건조시 기계 건조를 삼가하여 주십시오.; 이 제품은 원단 특성상 다림질을 할 경우에는 고온에서의 다림질과 스팀은 삼가하여 주세요.; 드라이클리닝 할 수 없습니다.; 건조시 옷걸이에 걸어서 그늘에 건조하십시오.; 제품의 특성상 염료의 탈색이 있는 제품이오니 반드시 다른제품과 구분 후 뒤집어서 단독 세탁해 주십시오.; 중성 세제를 사용하십시오.; 세탁 전에 탈부착식 부자재를 분리하십시오.; 천을 대고 다림질하십시오."
STON06200121,"Recycled Heavy Cotton Jersy, Tinto Terra",shirt,"/ShoppingMall-WEB/images/shirt/Recycled Heavy Cotton Jersy, Tinto Terra/",464550,"60% RECYCLED HEAVY COTTON JERSEY, TINTO TERRA: STONE ISLAND CLOSED LOOP 프로젝트는 자체 생산 체인에서 얻은 코튼 원단 스크랩을 재사용합니다. 생산 공장에서 선별된 스크랩은 재가공되어 최소 50% 이상의 회수 물질을 함유한 새로운 혼합 원사로 재탄생합니다. 이러한 정교한 회수 및 재생 공정을 통해 얻어진 원단은 새로운 의류 제작에 사용됩니다. 폐쇄 루프 공정에서 기인한 재생 헤비 코튼 저지 소재 60%를 함유한 반소매 티셔츠. 완성된 의상은 천연 광물성 염료를 사용한 가먼트 염색 공정을 거쳐 가공된 듯한 효과를 선사합니다.","레귤러 핏. 동일한 원단으로 완성한 네크라인. 가슴 중앙 부분에 Stone Island 로고 프린트. 진동둘레, 소매 가장자리 및 뒷면 요크에 스티치 디테일. 밑단 양옆의 트임 디테일.","100% 면","세탁시 세탁표시를 반드시 확인하십시오.; 염소, 산소계 표백제 사용을 삼가하여 주십시오.; 건조시 기계 건조를 삼가하여 주십시오.; 이 제품은 원단 특성상 다림질을 할 경우에는 고온에서의 다림질과 스팀은 삼가하여 주세요.; 드라이클리닝 할 수 없습니다.; 건조시 옷걸이에 걸어서 그늘에 건조하십시오.; 제품의 특성상 염료의 탈색이 있는 제품이오니 반드시 다른제품과 구분 후 뒤집어서 단독 세탁해 주십시오.; 중성 세제를 사용하십시오.; 세제를 직접 의류에 사용하지 마십시오.; 천을 대고 다림질하십시오.; 인쇄 부분에 직접 다림질은 피하십시오."
STON06200123,'INSTITUTIONAL ONE' Print,shirt,/ShoppingMall-WEB/images/shirt/'INSTITUTIONAL ONE' Print/,260800,INSTITUTIONAL ONE' PRINT: 코튼 저지 소재의 반소매 티셔츠. 가먼트 다이 염색가공.,슬림 핏. 뒷면과 어깨 부분 내부를 테이프로 마감한 리브 조직 네크라인. 이번 시즌을 맞아 Stone Island 나침반 로고를 재해석한 가슴 중앙 부분의 ‘Institutional One’ 프린트 디테일.,"100% 면","세탁시 세탁표시를 반드시 확인하십시오.; 염소, 산소계 표백제 사용을 삼가하여 주십시오.; 건조시 기계 건조를 삼가하여 주십시오.; 이 제품은 원단 특성상 다림질을 할 경우에는 고온에서의 다림질과 스팀은 삼가하여 주세요.; 드라이클리닝 할 수 없습니다.; 건조시 옷걸이에 걸어서 그늘에 건조하십시오.; 제품의 특성상 염료의 탈색이 있는 제품이오니 반드시 다른제품과 구분 후 뒤집어서 단독 세탁해 주십시오.; 중성 세제를 사용하십시오.; 천을 대고 다림질하십시오.; 인쇄 부분에 직접 다림질은 피하십시오."
STON06200125,Stone Island Stellina,shirt,/ShoppingMall-WEB/images/shirt/Stone Island Stellina/,301550,STONE ISLAND STELLINA: 머서라이즈 가공한 코튼 저지 소재의 반소매 티셔츠. 가먼트 다이 염색가공.,레귤러 핏. 오버록 스티치 디테일의 리브 조직 네크라인. 오버록 스티치로 마감한 래글런 소매. 넥 왼쪽 부분에 Stone Island 별모양 자수 장식. 오버록 스티치 마감한 소매 부분.,"100% 면","세탁시 세탁표시를 반드시 확인하십시오.; 염소, 산소계 표백제 사용을 삼가하여 주십시오.; 건조시 기계 건조를 삼가하여 주십시오.; 이 제품은 원단 특성상 다림질을 할 경우에는 고온에서의 다림질과 스팀은 삼가하여 주세요.; 드라이클리닝 할 수 없습니다.; 건조시 옷걸이에 걸어서 그늘에 건조하십시오.; 제품의 특성상 염료의 탈색이 있는 제품이오니 반드시 다른제품과 구분 후 뒤집어서 단독 세탁해 주십시오.; 중성 세제를 사용하십시오.; 천을 대고 다림질하십시오."
STON06200128,'FISSATO' Treatment(B),shirt,/ShoppingMall-WEB/images/shirt/'FISSATO' Treatment(B)/,301550,‘FISSATO' TREATMENT: 오가닉 코튼 저지 소재의 반소매 티셔츠. 수용성 레진 처리 및 가먼트 다이 공법을 거치는 특수 염색가공 ‘Fissato’로 완성하여 입체적인 효과를 자아냅니다.,레귤러 핏. 리브 조직 네크라인. 가슴 부분에 Stone Island 로고 자수 장식. 뒷목 아랫부분에 안감 처리한 반원 디테일.,"100% 면","세탁시 세탁표시를 반드시 확인하십시오.; 염소, 산소계 표백제 사용을 삼가하여 주십시오.; 건조시 기계 건조를 삼가하여 주십시오.; 이 제품은 원단 특성상 다림질을 할 경우에는 고온에서의 다림질과 스팀은 삼가하여 주세요.; 드라이클리닝 할 수 없습니다.; 건조시 옷걸이에 걸어서 그늘에 건조하십시오.; 제품의 특성상 염료의 탈색이 있는 제품이오니 반드시 다른제품과 구분 후 뒤집어서 단독 세탁해 주십시오.; 중성 세제를 사용하십시오.; 세제를 직접 의류에 사용하지 마십시오.; 천을 대고 다림질하십시오."
STON06200132,Stone Island Ghost Piece,shirt,/ShoppingMall-WEB/images/shirt/Stone Island Ghost Piece/,448250,STONE ISLAND GHOST PIECE: 카무플라주 컨셉으로부터 기인한 Ghost 라인 아이템의 전체 디테일은 한 가지 컬러로만 구성됩니다. Stone Island 배지 또한 의상과 동일한 솔리드 컬러로 특수 제작됩니다. 가는 리브 조직으로 마감한 가벼운 오가닉 코튼 소재의 반소매 폴로 셔츠. 가먼트 다이 염색가공.,레귤러 핏. 두 개의 히든 스냅버튼 여밈 디테일의 리브 조직 칼라. 가슴 하단에 Stone Island 레터링 모티프의 작은 톤온톤 프린트 디테일. 로 컷 마감한 소매.,"100% 면","세탁시 세탁표시를 반드시 확인하십시오.; 염소, 산소계 표백제 사용을 삼가하여 주십시오.; 건조시 기계 건조를 삼가하여 주십시오.; 이 제품은 원단 특성상 다림질을 할 경우에는 고온에서의 다림질과 스팀은 삼가하여 주세요.; 드라이클리닝 할 수 없습니다.; 건조시 옷걸이에 걸어서 그늘에 건조하십시오.; 제품의 특성상 염료의 탈색이 있는 제품이오니 반드시 다른제품과 구분 후 뒤집어서 단독 세탁해 주십시오.; 중성 세제를 사용하십시오.; 비틀거나 짜지 마십시오.; 천을 대고 다림질하십시오.; 인쇄 부분에 직접 다림질은 피하십시오."
STON06220153,Lino Nylon Tela-tc(Beltbag)(P),ETC,/ShoppingMall-WEB/images/ETC/Lino Nylon Tela-tc(Beltbag)(P)/,309700,"LINO NYLON TELA-TC: 리넨과 나일론 원사를 정교하게 혼방한 원단인 Lino Nylon Tela-TC 소재의 벨트백. 리넨 특유의 순수함과 우아함은 나일론이 지닌 가벼움 및 기술성과 결합되어 내마모성이 뛰어난 기능적인 원사로 탄생합니다. 완성된 의상은 나일론 단독 또는 코튼-나일론 섬유를 위한 정교한 가먼트 다이 염색 공정을 거치며 나일론 단독 염색의 경우, 직물의 리넨 성분으로 인해 의상이 파스텔 색조를 띄게 됩니다.","앞면에 Stone Island 나침반 로고를 가미한 지퍼 여밈 벨로즈 포켓. 내부에 지퍼 여밈 포켓을 가미한 메인 수납공간, 나일론 테이프로 가장자리를 마감한 상단 지퍼 여밈. 루프를 형성하는 옆면의 나일론 테이프. 뒷면에 Stone Island 레터링 자수를 가미한 나일론 테이프 패치. 내구성을 지닌 Cordura® 원단으로 완성한 하단. 기모 가공 나일론 캔버스 원단으로 안감 처리. 스냅 후크로 고정되는 조절 가능한 나일론 숄더 스트랩.","겉감: 80% 마 20% 나일론, 겉감 2: 100% 나일론, 코팅: 100% 폴리우레탄수지, 이너 레이어: 100% 폴리에스터, 안감 : 100% 나일론","세탁시 세탁표시를 반드시 확인하십시오.; 염소, 산소계 표백제 사용을 삼가하여 주십시오.; 건조시 기계 건조를 삼가하여 주십시오.; 드라이클리닝은 삼가하여 주십시오.; 드라이클리닝 할 수 없습니다.; 건조시 옷걸이에 걸어서 그늘에 건조하십시오.; 제품의 특성상 염료의 탈색이 있는 제품이오니 반드시 다른제품과 구분 후 뒤집어서 단독 세탁해 주십시오.; 물에 오랫동안 방치하지 마십시오.; 중성 세제를 사용하십시오.; 세탁 전에 탈부착식 부자재를 분리하십시오.; 세제를 직접 의류에 사용하지 마십시오.; 비틀거나 짜지 마십시오."
STON06220155,Stone Island Marina,ETC,/ShoppingMall-WEB/images/ETC/Stone Island Marina/,594950,STONE ISLAND MARINA: 이중 연사 코튼 캔버스 소재의 라지 토트백.,"한쪽 면에 세 개의 포켓, 그 중 두 개는 스냅버튼 여밈. 백을 보강하는 동시에 핸들을 형성하는 두 개의 견고한 평행 코튼 테이프. 백 구조화 작업 후 포켓 옆면과 보강 테이프에 가미된 커다란 Stone Island Marina 레터링 프린트. 핸들 역할을 하는 입구 주변의 두 번째 보강 테이프. 백을 닫기 위한 지퍼 여밈의 블랙 나일론 인서트. 내부에 두 개의 포켓 수납공간.","겉감: 100% 면, 안감: 100% 폴리에스터, 코팅: 100% 폴리우레탄수지","세탁시 세탁표시를 반드시 확인하십시오.; 염소, 산소계 표백제 사용을 삼가하여 주십시오.; 건조시 기계 건조를 삼가하여 주십시오.; 드라이클리닝은 삼가하여 주십시오.; 드라이클리닝 할 수 없습니다.; 건조시 옷걸이에 걸어서 그늘에 건조하십시오.; 단독 세탁 하십시오.; 뒤집어서 세탁하십시오.; 중성 세제를 사용하십시오.; 비틀거나 짜지 마십시오."
STON06220156,Stone Island Stellina,ETC,/ShoppingMall-WEB/images/ETC/Stone Island Stellina/,228200,STONE ISLAND STELLINA: 84% 재생 투웨이 스트레치 나일론 캔버스 소재의 기능성 모자. 내부 안감을 생략하여 최상의 가벼움과 신축성을 제공하는 디자인.,고정된 바이저. 활동적인 스포츠에서 착안한 디자인의 크라운. 왼쪽에 Stone Island 별모양 자수 장식. 내부의 커버된 솔기. 뒷면에 클립으로 조절 가능한 엘라스틱 밴드.,"의류: 84% 나일론 16% 폴리우레탄, 코팅: 100% 폴리우레탄수지","세탁시 저온에서 손세탁 하십시오.; 염소, 산소계 표백제 사용을 삼가하여 주십시오.; 건조시 기계 건조를 삼가하여 주십시오.; 드라이클리닝은 삼가하여 주십시오.; 드라이클리닝 할 수 없습니다.; 건조시 옷걸이에 걸어서 그늘에 건조하십시오.; 단독 세탁 하십시오.; 중성 세제를 사용하십시오.; 비틀거나 짜지 마십시오."
STON06220157,Light Soft Shell-R_E.Dye Technology in Recycled Polyester,ETC,/ShoppingMall-WEB/images/ETC/Light Soft Shell-R_E.Dye Technology in Recycled Polyester/,228200,"LIGHT SOFT SHELL-R_e.dye® TECHNOLOGY IN RECYCLED POLYESTER: 8000MM 수주 저항을 지닌 3레이어 기능성 재생 소재인 Light Soft Shell-R e.dye® Technology로 제작한 6패널 캡모자. 겉면의 스트레치 폴리에스테르 캔버스 소재는 공정에 사용되는 물 85%, 화학물질 90%를 감소하는 혁신적인 침윤 염색 기법 e.dye® Waterless Color System™으로 가공한 원사로 직조되었습니다. 통기성, 방수 및 방풍 기능을 지닌 멤브레인으로 내부면을 코팅한 원단은 텍스처드 폴리에스테르 저지 소재를 덧대어 완성됩니다.",앞면 왼쪽에 Stone Island 나침반 자수 로고. 엘라스틱 드로스트링으로 조절 가능.,"의류: 아우터 레이어: 92% 폴리에스터 8% 폴리우레탄, 멤브레인: 100% 폴리우레탄수지, 이너 레이어: 100% 폴리에스터, 앞면 안감: 100% 면","세탁시 저온에서 손세탁 하십시오.; 염소, 산소계 표백제 사용을 삼가하여 주십시오.; 건조시 기계 건조를 삼가하여 주십시오.; 드라이클리닝은 삼가하여 주십시오.; 드라이클리닝 할 수 없습니다.; 건조시 옷걸이에 걸어서 그늘에 건조하십시오.; 단독 세탁 하십시오.; 중성 세제를 사용하십시오.; 비틀거나 짜지 마십시오.; 건조시 자연건조하십시오."
STON06220158,Nylon Metal in Econyl Regenerated nylon(Buckethat)(V),ETC,/ShoppingMall-WEB/images/ETC/Nylon Metal in Econyl Regenerated nylon(Buckethat)(V)/,244500,NYLON METAL IN ECONYL® REGENERATED NYLON: 이리데슨트 효과의 Nylon Metal 원단으로 제작한 버킷햇. 재생 원사 ECONYL®을 사용하여 새롭게 선보이는 아이코닉 소재의 진화: 소비자가 사용하기 전후의 폐기된 나일론은 복합적인 해중합 공정을 통해 재생되어 화석 원료에서 추출한 나일론과 동일한 특성을 자랑하는 섬유로 재탄생합니다. 폴리에스테르 소재로 얇게 패딩 가공.,크라운 부분의 Stone Island 나침반 로고. 코튼 트윌 소재로 가장자리를 마감한 내부 밴드. 블랙 색상의 폴리에스테르 메쉬 소재로 안감 처리.,"겉감: 100% 나일론, 안감 : 100% 폴리에스터","세탁시 저온에서 손세탁 하십시오.; 염소, 산소계 표백제 사용을 삼가하여 주십시오.; 건조시 기계 건조를 삼가하여 주십시오.; 드라이클리닝은 삼가하여 주십시오.; 드라이클리닝 할 수 없습니다.; 건조시 옷걸이에 걸어서 그늘에 건조하십시오.; 단독 세탁 하십시오.; 중성 세제를 사용하십시오.; 비틀거나 짜지 마십시오.; 건조시 자연건조하십시오."
STON06220160,Bucket Hat(W),ETC,/ShoppingMall-WEB/images/ETC/Bucket Hat(W)/,211900,코튼 렙스 소재의 버킷햇.,크라운 부분에 엠보싱 가공한 Stone Island 나침반 로고 자수 장식. 가장자리를 코튼 트윌 소재로 마감한 내부 밴드. 블랙 색상의 코튼 소재로 안감 처리.,"겉감: 100% 면, 안감: 100% 면","세탁시 저온에서 손세탁 하십시오.; 염소, 산소계 표백제 사용을 삼가하여 주십시오.; 건조시 기계 건조를 삼가하여 주십시오.; 드라이클리닝은 삼가하여 주십시오.; 드라이클리닝 할 수 없습니다.; 건조시 옷걸이에 걸어서 그늘에 건조하십시오.; 단독 세탁 하십시오.; 중성 세제를 사용하십시오.; 비틀거나 짜지 마십시오."
STON06220161,Bucket Hat(B),ETC,/ShoppingMall-WEB/images/ETC/Bucket Hat(B)/,211900,코튼 렙스 소재의 버킷햇.,크라운 부분에 엠보싱 가공한 Stone Island 나침반 로고 자수 장식. 가장자리를 코튼 트윌 소재로 마감한 내부 밴드. 블랙 색상의 코튼 소재로 안감 처리.,"겉감: 100% 면, 안감: 100% 면","세탁시 저온에서 손세탁 하십시오.; 염소, 산소계 표백제 사용을 삼가하여 주십시오.; 건조시 기계 건조를 삼가하여 주십시오.; 드라이클리닝은 삼가하여 주십시오.; 드라이클리닝 할 수 없습니다.; 건조시 옷걸이에 걸어서 그늘에 건조하십시오.; 단독 세탁 하십시오.; 중성 세제를 사용하십시오.; 비틀거나 짜지 마십시오."
STON06220163,Beach Towel(O),ETC,/ShoppingMall-WEB/images/ETC/Beach Towel(O)/,317850,코튼 테리 소재의 비치 타월.,"한쪽 끝부분에 커다란 Stone Island 자수 및 우븐 로고, 다른 한쪽 끝부분에 커다란 Stone Island 우븐 로고.","100% 면","세탁시 세탁표시를 반드시 확인하십시오.; 염소, 산소계 표백제 사용을 삼가하여 주십시오.; 건조시 저온으로 기계 건조가 가능합니다.; ; 드라이클리닝 할 수 없습니다.; 건조시 옷걸이에 걸어서 그늘에 건조하십시오.; 단독 세탁 하십시오."
STON06220164,Belt,ETC,/ShoppingMall-WEB/images/ETC/Belt/,244500,헤비 나일론 테이프 소재의 벨트.,Stone Island 나침반 로고를 양각으로 새긴 무광택 에나멜 가공 메탈 소재의 링 버클.,"벨트: 97% 폴리에스터 3% 나일론, 버클: 자마, 토캡: 아이론","물세탁은 삼가하여 주십시오.; 염소, 산소계 표백제 사용을 삼가하여 주십시오.; 건조시 기계 건조를 삼가하여 주십시오.; 드라이클리닝은 삼가하여 주십시오.; 드라이클리닝 할 수 없습니다.; 젖은 천으로 청소하십시오."
